"Bus ID","Driver ID","Route ID","Stop ID",Latitude,Longitude,Heading,Speed,Time
28,,,,-1,-1,,0,"2022-01-10 14:05:11-07"
28,,,,-1,-1,,0,"2022-01-10 14:05:17-07"
28,,,,-1,-1,,0,"2022-01-10 14:05:24-07"
28,,,,-1,-1,,0,"2022-01-10 14:05:31-07"
28,,,,-1,-1,,0,"2022-01-10 14:05:39-07"
28,,,,-1,-1,,0,"2022-01-10 14:05:47-07"
28,,,,-1,-1,,0,"2022-01-10 14:05:56-07"
28,,,,-1,-1,,0,"2022-01-10 14:06:05-07"
28,,,,-1,-1,,0,"2022-01-10 14:06:15-07"
28,,,,-1,-1,,0,"2022-01-10 14:06:25-07"
28,,,,-1,-1,,0,"2022-01-10 14:06:35-07"
28,,,,-1,-1,,0,"2022-01-10 14:06:46-07"
28,,,,-1,-1,,0,"2022-01-10 14:06:56-07"
28,,,,-1,-1,,0,"2022-01-10 14:07:06-07"
28,,,,-1,-1,,0,"2022-01-10 14:07:16-07"
28,,,,-1,-1,,0,"2022-01-10 14:07:26-07"
28,,,,-1,-1,,0,"2022-01-10 14:07:37-07"
28,,,,-1,-1,,0,"2022-01-10 14:07:47-07"
28,,,,-1,-1,,0,"2022-01-10 14:07:57-07"
28,,,,-1,-1,,0,"2022-01-10 14:08:07-07"
28,,,,-1,-1,,0,"2022-01-10 14:08:18-07"
28,,,,-1,-1,,0,"2022-01-10 14:08:28-07"
28,,,,-1,-1,,0,"2022-01-10 14:08:38-07"
28,,,,-1,-1,,0,"2022-01-10 14:08:48-07"
28,,,,-1,-1,,0,"2022-01-10 14:08:59-07"
28,,,,-1,-1,,0,"2022-01-10 14:09:09-07"
28,,,,-1,-1,,0,"2022-01-10 14:09:19-07"
28,,,,-1,-1,,0,"2022-01-10 14:09:29-07"
28,,,,-1,-1,,0,"2022-01-10 14:09:40-07"
28,,,,-1,-1,,0,"2022-01-10 14:09:50-07"
28,,,,-1,-1,,0,"2022-01-10 14:10:00-07"
28,,,,-1,-1,,0,"2022-01-10 14:10:10-07"
28,,,,-1,-1,,0,"2022-01-10 14:10:21-07"
28,,,,-1,-1,,0,"2022-01-10 14:10:31-07"
28,,,,-1,-1,,0,"2022-01-10 14:10:41-07"
28,,,,-1,-1,,0,"2022-01-10 14:10:51-07"
28,,,,-1,-1,,0,"2022-01-10 14:11:01-07"
28,,,,-1,-1,,0,"2022-01-10 14:11:12-07"
28,,,,-1,-1,,0,"2022-01-10 14:11:22-07"
28,,,,-1,-1,,0,"2022-01-10 14:11:32-07"
28,,,,-1,-1,,0,"2022-01-10 14:11:42-07"
28,,,,-1,-1,,0,"2022-01-10 14:12:07-07"
28,,,,-1,-1,,0,"2022-01-10 14:12:33-07"
28,,,,-1,-1,,0,"2022-01-10 14:12:43-07"
28,,,,-1,-1,,0,"2022-01-10 14:12:53-07"
28,,,,-1,-1,,0,"2022-01-10 14:13:04-07"
28,,,,-1,-1,,0,"2022-01-10 14:13:14-07"
28,,,,-1,-1,,0,"2022-01-10 14:13:24-07"
28,,,,-1,-1,,0,"2022-01-10 14:13:34-07"
28,,,,-1,-1,,0,"2022-01-10 14:13:44-07"
28,,,,-1,-1,,0,"2022-01-10 14:13:55-07"
28,,,,-1,-1,,0,"2022-01-10 14:14:05-07"
28,,,,-1,-1,,0,"2022-01-10 14:14:15-07"
28,,,,-1,-1,,0,"2022-01-10 14:14:40-07"
28,,,,-1,-1,,0,"2022-01-10 14:14:51-07"
28,,,,-1,-1,,0,"2022-01-10 14:15:16-07"
28,,,,-1,-1,,0,"2022-01-10 14:15:26-07"
28,,,,-1,-1,,0,"2022-01-10 14:15:36-07"
28,,,,-1,-1,,0,"2022-01-10 14:15:47-07"
28,,,,-1,-1,,0,"2022-01-10 14:15:57-07"
28,,,,-1,-1,,0,"2022-01-10 14:16:07-07"
28,,,,-1,-1,,0,"2022-01-10 14:16:17-07"
28,,,,-1,-1,,0,"2022-01-10 14:16:28-07"
28,,,,-1,-1,,0,"2022-01-10 14:16:38-07"
28,,,,-1,-1,,0,"2022-01-10 14:16:48-07"
28,,,,-1,-1,,0,"2022-01-10 14:16:58-07"
28,,,,-1,-1,,0,"2022-01-10 14:17:09-07"
28,,,,-1,-1,,0,"2022-01-10 14:17:19-07"
28,,,,-1,-1,,0,"2022-01-10 14:17:29-07"
28,,,,-1,-1,,0,"2022-01-10 14:17:39-07"
28,,,,-1,-1,,0,"2022-01-10 14:17:50-07"
28,,,,-1,-1,,0,"2022-01-10 14:18:00-07"
28,,,,-1,-1,,0,"2022-01-10 14:18:10-07"
28,,,,-1,-1,,0,"2022-01-10 14:18:20-07"
28,,,,-1,-1,,0,"2022-01-10 14:18:30-07"
28,,,,-1,-1,,0,"2022-01-10 14:18:41-07"
28,,,,-1,-1,,0,"2022-01-10 14:18:51-07"
28,,,,-1,-1,,0,"2022-01-10 14:19:01-07"
28,,,,-1,-1,,0,"2022-01-10 14:19:11-07"
28,,,,-1,-1,,0,"2022-01-10 14:19:22-07"
28,,,,-1,-1,,0,"2022-01-10 14:19:32-07"
28,,,,-1,-1,,0,"2022-01-10 14:19:42-07"
28,,,,-1,-1,,0,"2022-01-10 14:19:52-07"
28,,,,-1,-1,,0,"2022-01-10 14:20:02-07"
28,,,,-1,-1,,0,"2022-01-10 14:20:13-07"
28,,,,-1,-1,,0,"2022-01-10 14:20:23-07"
28,,,,-1,-1,,0,"2022-01-10 14:20:33-07"
28,,,,-1,-1,,0,"2022-01-10 14:20:43-07"
28,,,,-1,-1,,0,"2022-01-10 14:20:54-07"
28,,,,-1,-1,,0,"2022-01-10 14:21:04-07"
28,,,,-1,-1,,0,"2022-01-10 14:21:14-07"
28,,,,-1,-1,,0,"2022-01-10 14:21:24-07"
28,,,,-1,-1,,0,"2022-01-10 14:21:35-07"
28,,,,-1,-1,,0,"2022-01-10 14:21:45-07"
28,,,,-1,-1,,0,"2022-01-10 14:21:55-07"
28,,,,-1,-1,,0,"2022-01-10 14:22:05-07"
28,,,,-1,-1,,0,"2022-01-10 14:22:15-07"
28,,,,-1,-1,,0,"2022-01-10 14:22:26-07"
28,,,,-1,-1,,0,"2022-01-10 14:22:36-07"
28,,,,-1,-1,,0,"2022-01-10 14:23:01-07"
28,,,,-1,-1,,0,"2022-01-10 14:23:11-07"
28,,,,-1,-1,,0,"2022-01-10 14:23:22-07"
28,,,,-1,-1,,0,"2022-01-10 14:23:32-07"
28,,,,-1,-1,,0,"2022-01-10 14:23:42-07"
28,,,,-1,-1,,0,"2022-01-10 14:23:52-07"
28,,,,-1,-1,,0,"2022-01-10 14:24:03-07"
28,,,,-1,-1,,0,"2022-01-10 14:24:13-07"
28,,,,-1,-1,,0,"2022-01-10 14:24:23-07"
28,,,,-1,-1,,0,"2022-01-10 14:24:33-07"
28,,,,-1,-1,,0,"2022-01-10 14:24:43-07"
28,,,,-1,-1,,0,"2022-01-10 14:24:54-07"
28,,,,-1,-1,,0,"2022-01-10 14:25:04-07"
28,,,,-1,-1,,0,"2022-01-10 14:25:14-07"
28,,,,-1,-1,,0,"2022-01-10 14:25:24-07"
28,,,,-1,-1,,0,"2022-01-10 14:25:34-07"
28,,,,-1,-1,,0,"2022-01-10 14:25:45-07"
28,,,,-1,-1,,0,"2022-01-10 14:25:55-07"
28,,,,-1,-1,,0,"2022-01-10 14:26:05-07"
28,,,,-1,-1,,0,"2022-01-10 14:26:15-07"
28,,,,-1,-1,,0,"2022-01-10 14:26:25-07"
28,,,,-1,-1,,0,"2022-01-10 14:26:36-07"
28,,,,-1,-1,,0,"2022-01-10 14:27:01-07"
28,,,,-1,-1,,0,"2022-01-10 14:27:11-07"
28,,,,-1,-1,,0,"2022-01-10 14:27:21-07"
28,,,,-1,-1,,0,"2022-01-10 14:27:32-07"
28,,,,-1,-1,,0,"2022-01-10 14:27:42-07"
28,,,,-1,-1,,0,"2022-01-10 14:27:52-07"
28,,,,-1,-1,,0,"2022-01-10 14:28:02-07"
28,,,,-1,-1,,0,"2022-01-10 14:28:12-07"
28,,,,-1,-1,,0,"2022-01-10 14:28:22-07"
28,,,,-1,-1,,0,"2022-01-10 14:28:48-07"
28,,,,-1,-1,,0,"2022-01-10 14:28:58-07"
28,,,,-1,-1,,0,"2022-01-10 14:29:08-07"
28,,,,-1,-1,,0,"2022-01-10 14:29:18-07"
28,,,,-1,-1,,0,"2022-01-10 14:29:29-07"
28,,,,-1,-1,,0,"2022-01-10 14:29:39-07"
28,,,,-1,-1,,0,"2022-01-10 14:29:49-07"
28,,,,-1,-1,,0,"2022-01-10 14:29:59-07"
28,,,,-1,-1,,0,"2022-01-10 14:30:09-07"
28,,,,-1,-1,,0,"2022-01-10 14:30:20-07"
28,,,,-1,-1,,0,"2022-01-10 14:30:30-07"
28,,,,-1,-1,,0,"2022-01-10 14:30:40-07"
28,,,,-1,-1,,0,"2022-01-10 14:30:50-07"
28,,,,-1,-1,,0,"2022-01-10 14:31:01-07"
28,,,,-1,-1,,0,"2022-01-10 14:31:11-07"
28,,,,-1,-1,,0,"2022-01-10 14:31:21-07"
28,,,,-1,-1,,0,"2022-01-10 14:31:31-07"
28,,,,-1,-1,,0,"2022-01-10 14:31:41-07"
28,,,,-1,-1,,0,"2022-01-10 14:32:07-07"
28,,,,-1,-1,,0,"2022-01-10 14:32:17-07"
28,,,,-1,-1,,0,"2022-01-10 14:32:27-07"
28,,,,-1,-1,,0,"2022-01-10 14:32:37-07"
28,,,,-1,-1,,0,"2022-01-10 14:32:48-07"
28,,,,-1,-1,,0,"2022-01-10 14:32:58-07"
28,,,,-1,-1,,0,"2022-01-10 14:33:08-07"
28,,,,-1,-1,,0,"2022-01-10 14:33:18-07"
28,,,,-1,-1,,0,"2022-01-10 14:33:28-07"
28,,,,-1,-1,,0,"2022-01-10 14:33:39-07"
28,,,,-1,-1,,0,"2022-01-10 14:33:49-07"
28,,,,-1,-1,,0,"2022-01-10 14:33:59-07"
28,,,,-1,-1,,0,"2022-01-10 14:34:09-07"
28,,,,-1,-1,,0,"2022-01-10 14:34:20-07"
28,,,,-1,-1,,0,"2022-01-10 14:34:30-07"
28,,,,-1,-1,,0,"2022-01-10 14:34:40-07"
28,,,,-1,-1,,0,"2022-01-10 14:34:50-07"
28,,,,-1,-1,,0,"2022-01-10 14:35:01-07"
28,,,,-1,-1,,0,"2022-01-10 14:35:11-07"
28,,,,-1,-1,,0,"2022-01-10 14:35:21-07"
28,,,,-1,-1,,0,"2022-01-10 14:35:31-07"
28,,,,-1,-1,,0,"2022-01-10 14:35:41-07"
28,,,,-1,-1,,0,"2022-01-10 14:35:52-07"
28,,,,-1,-1,,0,"2022-01-10 14:36:02-07"
28,,,,-1,-1,,0,"2022-01-10 14:36:12-07"
28,,,,-1,-1,,0,"2022-01-10 14:36:22-07"
28,,,,-1,-1,,0,"2022-01-10 14:36:32-07"
28,,,,-1,-1,,0,"2022-01-10 14:36:43-07"
28,,,,-1,-1,,0,"2022-01-10 14:36:53-07"
28,,,,-1,-1,,0,"2022-01-10 14:37:03-07"
28,,,,-1,-1,,0,"2022-01-10 14:37:13-07"
28,,,,-1,-1,,0,"2022-01-10 14:37:24-07"
28,,,,-1,-1,,0,"2022-01-10 14:37:34-07"
28,,,,-1,-1,,0,"2022-01-10 14:37:44-07"
28,,,,-1,-1,,0,"2022-01-10 14:37:54-07"
28,,,,-1,-1,,0,"2022-01-10 14:38:05-07"
28,,,,-1,-1,,0,"2022-01-10 14:38:15-07"
28,,,,-1,-1,,0,"2022-01-10 14:38:25-07"
28,,,,-1,-1,,0,"2022-01-10 14:38:35-07"
28,,,,-1,-1,,0,"2022-01-10 14:38:46-07"
28,,,,-1,-1,,0,"2022-01-10 14:38:56-07"
28,,,,-1,-1,,0,"2022-01-10 14:39:06-07"
28,,,,-1,-1,,0,"2022-01-10 14:39:16-07"
28,,,,-1,-1,,0,"2022-01-10 14:39:26-07"
28,,,,-1,-1,,0,"2022-01-10 14:39:37-07"
28,,,,-1,-1,,0,"2022-01-10 14:39:47-07"
28,,,,-1,-1,,0,"2022-01-10 14:39:57-07"
28,,,,-1,-1,,0,"2022-01-10 14:40:08-07"
28,,,,-1,-1,,0,"2022-01-10 14:40:18-07"
28,,,,-1,-1,,0,"2022-01-10 14:40:28-07"
28,,,,-1,-1,,0,"2022-01-10 14:40:38-07"
28,,,,-1,-1,,0,"2022-01-10 14:40:48-07"
28,,,,-1,-1,,0,"2022-01-10 14:40:59-07"
28,,,,-1,-1,,0,"2022-01-10 14:41:09-07"
28,,,,-1,-1,,0,"2022-01-10 14:41:19-07"
28,,,,-1,-1,,0,"2022-01-10 14:41:29-07"
28,,,,-1,-1,,0,"2022-01-10 14:41:40-07"
28,,,,-1,-1,,0,"2022-01-10 14:41:50-07"
28,,,,-1,-1,,0,"2022-01-10 14:42:00-07"
28,,,,-1,-1,,0,"2022-01-10 14:42:10-07"
28,,,,-1,-1,,0,"2022-01-10 14:42:21-07"
28,,,,-1,-1,,0,"2022-01-10 14:42:31-07"
28,,,,-1,-1,,0,"2022-01-10 14:42:41-07"
28,,,,-1,-1,,0,"2022-01-10 14:42:51-07"
28,,,,-1,-1,,0,"2022-01-10 14:43:01-07"
28,,,,-1,-1,,0,"2022-01-10 14:43:12-07"
28,,,,-1,-1,,0,"2022-01-10 14:43:22-07"
28,,,,-1,-1,,0,"2022-01-10 14:43:32-07"
28,,,,-1,-1,,0,"2022-01-10 14:43:42-07"
28,,,,-1,-1,,0,"2022-01-10 14:43:52-07"
28,,,,-1,-1,,0,"2022-01-10 14:44:03-07"
28,,,,-1,-1,,0,"2022-01-10 14:44:13-07"
28,,,,-1,-1,,0,"2022-01-10 14:44:23-07"
28,,,,-1,-1,,0,"2022-01-10 14:44:49-07"
28,,,,-1,-1,,0,"2022-01-10 14:44:59-07"
28,,,,-1,-1,,0,"2022-01-10 14:45:09-07"
28,,,,-1,-1,,0,"2022-01-10 14:45:19-07"
28,,,,-1,-1,,0,"2022-01-10 14:45:30-07"
28,,,,-1,-1,,0,"2022-01-10 14:45:40-07"
28,,,,-1,-1,,0,"2022-01-10 14:46:05-07"
28,,,,-1,-1,,0,"2022-01-10 14:46:15-07"
28,,,,-1,-1,,0,"2022-01-10 14:46:41-07"
28,,,,-1,-1,,0,"2022-01-10 14:46:51-07"
28,,,,-1,-1,,0,"2022-01-10 14:47:01-07"
28,,,,-1,-1,,0,"2022-01-10 14:47:11-07"
28,,,,-1,-1,,0,"2022-01-10 14:47:36-07"
28,,,,-1,-1,,0,"2022-01-10 14:47:47-07"
28,,,,-1,-1,,0,"2022-01-10 14:47:57-07"
28,,,,-1,-1,,0,"2022-01-10 14:48:07-07"
28,,,,-1,-1,,0,"2022-01-10 14:48:17-07"
28,,,,-1,-1,,0,"2022-01-10 14:48:28-07"
28,,,,-1,-1,,0,"2022-01-10 14:48:38-07"
28,,,,-1,-1,,0,"2022-01-10 14:48:48-07"
28,,,,-1,-1,,0,"2022-01-10 14:48:58-07"
28,,,,-1,-1,,0,"2022-01-10 14:49:09-07"
28,,,,-1,-1,,0,"2022-01-10 14:49:34-07"
28,,,,-1,-1,,0,"2022-01-10 14:49:44-07"
28,,,,-1,-1,,0,"2022-01-10 14:49:55-07"
28,,,,-1,-1,,0,"2022-01-10 14:50:05-07"
28,,,,-1,-1,,0,"2022-01-10 14:50:15-07"
28,,,,-1,-1,,0,"2022-01-10 14:50:25-07"
28,,,,-1,-1,,0,"2022-01-10 14:50:36-07"
28,,,,-1,-1,,0,"2022-01-10 14:50:46-07"
28,,,,-1,-1,,0,"2022-01-10 14:50:56-07"
28,,,,-1,-1,,0,"2022-01-10 14:51:06-07"
28,,,,-1,-1,,0,"2022-01-10 14:51:31-07"
28,,,,-1,-1,,0,"2022-01-10 14:51:42-07"
28,,,,-1,-1,,0,"2022-01-10 14:51:52-07"
28,,,,-1,-1,,0,"2022-01-10 14:52:02-07"
28,,,,-1,-1,,0,"2022-01-10 14:52:12-07"
28,,,,-1,-1,,0,"2022-01-10 14:52:22-07"
28,,,,-1,-1,,0,"2022-01-10 14:52:33-07"
28,,,,-1,-1,,0,"2022-01-10 14:52:43-07"
28,,,,-1,-1,,0,"2022-01-10 14:52:53-07"
28,,,,-1,-1,,0,"2022-01-10 14:53:18-07"
28,,,,-1,-1,,0,"2022-01-10 14:53:28-07"
28,,,,-1,-1,,0,"2022-01-10 14:53:54-07"
28,,,,-1,-1,,0,"2022-01-10 14:54:04-07"
28,,,,-1,-1,,0,"2022-01-10 14:54:14-07"
28,,,,-1,-1,,0,"2022-01-10 14:54:24-07"
28,,,,-1,-1,,0,"2022-01-10 14:54:35-07"
28,,,,-1,-1,,0,"2022-01-10 14:54:45-07"
28,,,,-1,-1,,0,"2022-01-10 14:54:55-07"
28,,,,-1,-1,,0,"2022-01-10 14:55:05-07"
28,,,,-1,-1,,0,"2022-01-10 14:55:15-07"
28,,,,-1,-1,,0,"2022-01-10 14:55:26-07"
28,,,,-1,-1,,0,"2022-01-10 14:55:36-07"
28,,,,-1,-1,,0,"2022-01-10 14:55:46-07"
28,,,,-1,-1,,0,"2022-01-10 14:55:56-07"
28,,,,-1,-1,,0,"2022-01-10 14:56:06-07"
28,,,,-1,-1,,0,"2022-01-10 14:56:17-07"
28,,,,-1,-1,,0,"2022-01-10 14:56:27-07"
28,,,,-1,-1,,0,"2022-01-10 14:56:37-07"
28,,,,-1,-1,,0,"2022-01-10 14:56:47-07"
28,,,,-1,-1,,0,"2022-01-10 14:56:57-07"
28,,,,-1,-1,,0,"2022-01-10 14:57:08-07"
28,,,,-1,-1,,0,"2022-01-10 14:57:18-07"
28,,,,-1,-1,,0,"2022-01-10 14:57:28-07"
28,,,,-1,-1,,0,"2022-01-10 14:57:38-07"
28,,,,-1,-1,,0,"2022-01-10 14:57:49-07"
28,,,,-1,-1,,0,"2022-01-10 14:57:59-07"
28,,,,-1,-1,,0,"2022-01-10 14:58:09-07"
28,,,,-1,-1,,0,"2022-01-10 14:58:19-07"
28,,,,-1,-1,,0,"2022-01-10 14:58:30-07"
28,,,,-1,-1,,0,"2022-01-10 14:58:40-07"
28,,,,-1,-1,,0,"2022-01-10 14:58:50-07"
28,,,,-1,-1,,0,"2022-01-10 14:59:00-07"
28,,,,-1,-1,,0,"2022-01-10 14:59:11-07"
28,,,,-1,-1,,0,"2022-01-10 14:59:21-07"
28,,,,-1,-1,,0,"2022-01-10 14:59:31-07"
28,,,,-1,-1,,0,"2022-01-10 14:59:41-07"
28,,,,-1,-1,,0,"2022-01-10 14:59:51-07"
28,,,,-1,-1,,0,"2022-01-10 15:00:02-07"
28,,,,-1,-1,,0,"2022-01-10 15:00:12-07"
28,,,,-1,-1,,0,"2022-01-10 15:00:22-07"
28,,,,-1,-1,,0,"2022-01-10 15:00:32-07"
28,,,,-1,-1,,0,"2022-01-10 15:00:43-07"
28,,,,-1,-1,,0,"2022-01-10 15:00:53-07"
28,,,,-1,-1,,0,"2022-01-10 15:01:03-07"
28,,,,-1,-1,,0,"2022-01-10 15:01:13-07"
28,,,,-1,-1,,0,"2022-01-10 15:01:39-07"
28,,,,-1,-1,,0,"2022-01-10 15:01:49-07"
28,,,,-1,-1,,0,"2022-01-10 15:01:59-07"
28,,,,-1,-1,,0,"2022-01-10 15:02:09-07"
28,,,,-1,-1,,0,"2022-01-10 15:02:20-07"
28,,,,-1,-1,,0,"2022-01-10 15:02:30-07"
28,,,,-1,-1,,0,"2022-01-10 15:02:40-07"
28,,,,-1,-1,,0,"2022-01-10 15:02:50-07"
28,,,,-1,-1,,0,"2022-01-10 15:03:01-07"
28,,,,-1,-1,,0,"2022-01-10 15:03:11-07"
28,,,,-1,-1,,0,"2022-01-10 15:03:21-07"
28,,,,-1,-1,,0,"2022-01-10 15:03:31-07"
28,,,,-1,-1,,0,"2022-01-10 15:03:42-07"
28,,,,-1,-1,,0,"2022-01-10 15:03:52-07"
28,,,,-1,-1,,0,"2022-01-10 15:04:02-07"
28,,,,-1,-1,,0,"2022-01-10 15:04:12-07"
28,,,,-1,-1,,0,"2022-01-10 15:04:22-07"
28,,,,-1,-1,,0,"2022-01-10 15:04:33-07"
28,,,,-1,-1,,0,"2022-01-10 15:04:43-07"
28,,,,-1,-1,,0,"2022-01-10 15:04:58-07"
28,,,,-1,-1,,0,"2022-01-10 15:05:08-07"
28,,,,-1,-1,,0,"2022-01-10 15:05:18-07"
28,,,,-1,-1,,0,"2022-01-10 15:05:28-07"
28,,,,-1,-1,,0,"2022-01-10 15:05:38-07"
28,,,,-1,-1,,0,"2022-01-10 15:05:48-07"
28,,,,-1,-1,,0,"2022-01-10 15:05:58-07"
28,,,,-1,-1,,0,"2022-01-10 15:06:08-07"
28,,,,-1,-1,,0,"2022-01-10 15:06:18-07"
28,,,,-1,-1,,0,"2022-01-10 15:06:28-07"
28,,,,-1,-1,,0,"2022-01-10 15:06:38-07"
28,,,,-1,-1,,0,"2022-01-10 15:06:48-07"
28,,,,-1,-1,,0,"2022-01-10 15:06:59-07"
28,,,,-1,-1,,0,"2022-01-10 15:07:09-07"
28,,,,-1,-1,,0,"2022-01-10 15:07:19-07"
28,,,,-1,-1,,0,"2022-01-10 15:07:29-07"
28,,,,-1,-1,,0,"2022-01-10 15:07:39-07"
28,,,,-1,-1,,0,"2022-01-10 15:07:49-07"
28,,,,-1,-1,,0,"2022-01-10 15:07:59-07"
28,,,,-1,-1,,0,"2022-01-10 15:08:09-07"
28,,,,-1,-1,,0,"2022-01-10 15:08:19-07"
28,,,,-1,-1,,0,"2022-01-10 15:08:39-07"
28,,,,-1,-1,,0,"2022-01-10 15:08:49-07"
28,,,,-1,-1,,0,"2022-01-10 15:08:59-07"
28,,,,-1,-1,,0,"2022-01-10 15:09:10-07"
28,,,,-1,-1,,0,"2022-01-10 15:09:20-07"
28,,,,-1,-1,,0,"2022-01-10 15:09:30-07"
28,,,,-1,-1,,0,"2022-01-10 15:09:40-07"
28,,,,-1,-1,,0,"2022-01-10 15:09:51-07"
28,,,,-1,-1,,0,"2022-01-10 15:10:01-07"
28,,,,-1,-1,,0,"2022-01-10 15:10:11-07"
28,,,,-1,-1,,0,"2022-01-10 15:10:21-07"
28,,,,-1,-1,,0,"2022-01-10 15:10:31-07"
28,,,,-1,-1,,0,"2022-01-10 15:10:41-07"
28,,,,-1,-1,,0,"2022-01-10 15:10:52-07"
28,,,,-1,-1,,0,"2022-01-10 15:11:02-07"
28,,,,-1,-1,,0,"2022-01-10 15:11:12-07"
28,,,,-1,-1,,0,"2022-01-10 15:11:22-07"
28,,,,-1,-1,,0,"2022-01-10 15:11:33-07"
28,,,,-1,-1,,0,"2022-01-10 15:11:43-07"
28,,,,-1,-1,,0,"2022-01-10 15:11:53-07"
28,,,,-1,-1,,0,"2022-01-10 15:12:03-07"
28,,,,-1,-1,,0,"2022-01-10 15:12:13-07"
28,,,,-1,-1,,0,"2022-01-10 15:12:24-07"
28,,,,-1,-1,,0,"2022-01-10 15:12:34-07"
28,,,,-1,-1,,0,"2022-01-10 15:12:59-07"
28,,,,-1,-1,,0,"2022-01-10 15:13:09-07"
28,,,,-1,-1,,0,"2022-01-10 15:13:19-07"
28,,,,-1,-1,,0,"2022-01-10 15:13:30-07"
28,,,,-1,-1,,0,"2022-01-10 15:13:40-07"
28,,,,-1,-1,,0,"2022-01-10 15:13:50-07"
28,,,,-1,-1,,0,"2022-01-10 15:14:00-07"
28,,,,-1,-1,,0,"2022-01-10 15:14:10-07"
28,,,,-1,-1,,0,"2022-01-10 15:14:21-07"
28,,,,-1,-1,,0,"2022-01-10 15:14:31-07"
28,,,,-1,-1,,0,"2022-01-10 15:14:41-07"
28,,,,-1,-1,,0,"2022-01-10 15:14:51-07"
28,,,,-1,-1,,0,"2022-01-10 15:15:02-07"
28,,,,-1,-1,,0,"2022-01-10 15:15:27-07"
28,,,,-1,-1,,0,"2022-01-10 15:15:52-07"
28,,,,-1,-1,,0,"2022-01-10 15:16:02-07"
28,,,,-1,-1,,0,"2022-01-10 15:16:12-07"
28,,,,-1,-1,,0,"2022-01-10 15:16:23-07"
28,,,,-1,-1,,0,"2022-01-10 15:16:33-07"
28,,,,-1,-1,,0,"2022-01-10 15:16:43-07"
28,,,,-1,-1,,0,"2022-01-10 15:16:53-07"
28,,,,-1,-1,,0,"2022-01-10 15:17:03-07"
28,,,,-1,-1,,0,"2022-01-10 15:17:14-07"
28,,,,-1,-1,,0,"2022-01-10 15:17:24-07"
28,,,,-1,-1,,0,"2022-01-10 15:17:34-07"
28,,,,-1,-1,,0,"2022-01-10 15:17:44-07"
28,,,,-1,-1,,0,"2022-01-10 15:17:54-07"
28,,,,-1,-1,,0,"2022-01-10 15:18:05-07"
28,,,,-1,-1,,0,"2022-01-10 15:18:15-07"
28,,,,-1,-1,,0,"2022-01-10 15:18:25-07"
28,,,,-1,-1,,0,"2022-01-10 15:18:35-07"
28,,,,-1,-1,,0,"2022-01-10 15:18:46-07"
28,,,,-1,-1,,0,"2022-01-10 15:18:56-07"
28,,,,-1,-1,,0,"2022-01-10 15:19:06-07"
28,,,,-1,-1,,0,"2022-01-10 15:19:16-07"
28,,,,-1,-1,,0,"2022-01-10 15:19:26-07"
28,,,,-1,-1,,0,"2022-01-10 15:19:37-07"
28,,,,-1,-1,,0,"2022-01-10 15:19:47-07"
28,,,,-1,-1,,0,"2022-01-10 15:19:57-07"
28,,,,-1,-1,,0,"2022-01-10 15:20:07-07"
28,,,,-1,-1,,0,"2022-01-10 15:20:18-07"
28,,,,-1,-1,,0,"2022-01-10 15:20:28-07"
28,,,,-1,-1,,0,"2022-01-10 15:20:38-07"
28,,,,-1,-1,,0,"2022-01-10 15:20:48-07"
28,,,,-1,-1,,0,"2022-01-10 15:20:59-07"
28,,,,-1,-1,,0,"2022-01-10 15:21:09-07"
28,,,,-1,-1,,0,"2022-01-10 15:21:19-07"
28,,,,-1,-1,,0,"2022-01-10 15:21:29-07"
28,,,,-1,-1,,0,"2022-01-10 15:21:40-07"
28,,,,-1,-1,,0,"2022-01-10 15:21:50-07"
28,,,,-1,-1,,0,"2022-01-10 15:22:00-07"
28,,,,-1,-1,,0,"2022-01-10 15:22:10-07"
28,,,,-1,-1,,0,"2022-01-10 15:22:21-07"
28,,,,-1,-1,,0,"2022-01-10 15:22:31-07"
28,,,,-1,-1,,0,"2022-01-10 15:22:56-07"
28,,,,-1,-1,,0,"2022-01-10 15:23:06-07"
28,,,,-1,-1,,0,"2022-01-10 15:23:16-07"
28,,,,-1,-1,,0,"2022-01-10 15:23:27-07"
28,,,,-1,-1,,0,"2022-01-10 15:23:37-07"
28,,,,-1,-1,,0,"2022-01-10 15:23:47-07"
28,,,,-1,-1,,0,"2022-01-10 15:23:57-07"
28,,,,-1,-1,,0,"2022-01-10 15:24:08-07"
28,,,,-1,-1,,0,"2022-01-10 15:24:18-07"
28,,,,-1,-1,,0,"2022-01-10 15:24:28-07"
28,,,,-1,-1,,0,"2022-01-10 15:24:38-07"
28,,,,-1,-1,,0,"2022-01-10 15:24:49-07"
28,,,,-1,-1,,0,"2022-01-10 15:24:59-07"
28,,,,-1,-1,,0,"2022-01-10 15:25:09-07"
28,,,,-1,-1,,0,"2022-01-10 15:25:19-07"
28,,,,-1,-1,,0,"2022-01-10 15:25:30-07"
28,,,,-1,-1,,0,"2022-01-10 15:25:40-07"
28,,,,-1,-1,,0,"2022-01-10 15:25:50-07"
28,,,,-1,-1,,0,"2022-01-10 15:26:00-07"
28,,,,-1,-1,,0,"2022-01-10 15:26:11-07"
28,,,,-1,-1,,0,"2022-01-10 15:26:21-07"
28,,,,-1,-1,,0,"2022-01-10 15:26:31-07"
28,,,,-1,-1,,0,"2022-01-10 15:26:41-07"
28,,,,-1,-1,,0,"2022-01-10 15:26:51-07"
28,,,,-1,-1,,0,"2022-01-10 15:27:02-07"
28,,,,-1,-1,,0,"2022-01-10 15:27:12-07"
28,,,,-1,-1,,0,"2022-01-10 15:27:22-07"
28,,,,-1,-1,,0,"2022-01-10 15:27:32-07"
28,,,,-1,-1,,0,"2022-01-10 15:27:43-07"
28,,,,-1,-1,,0,"2022-01-10 15:27:53-07"
28,,,,-1,-1,,0,"2022-01-10 15:28:03-07"
28,,,,-1,-1,,0,"2022-01-10 15:28:13-07"
28,,,,-1,-1,,0,"2022-01-10 15:28:23-07"
28,,,,-1,-1,,0,"2022-01-10 15:28:34-07"
28,,,,-1,-1,,0,"2022-01-10 15:28:44-07"
28,,,,-1,-1,,0,"2022-01-10 15:29:09-07"
28,,,,-1,-1,,0,"2022-01-10 15:29:19-07"
28,,,,-1,-1,,0,"2022-01-10 15:29:30-07"
28,,,,-1,-1,,0,"2022-01-10 15:29:40-07"
28,,,,-1,-1,,0,"2022-01-10 15:30:05-07"
28,,,,-1,-1,,0,"2022-01-10 15:30:16-07"
28,,,,-1,-1,,0,"2022-01-10 15:30:26-07"
28,,,,-1,-1,,0,"2022-01-10 15:30:36-07"
28,,,,-1,-1,,0,"2022-01-10 15:30:46-07"
28,,,,-1,-1,,0,"2022-01-10 15:30:56-07"
28,,,,-1,-1,,0,"2022-01-10 15:31:07-07"
28,,,,-1,-1,,0,"2022-01-10 15:31:17-07"
28,,,,-1,-1,,0,"2022-01-10 15:31:27-07"
28,,,,-1,-1,,0,"2022-01-10 15:31:37-07"
28,,,,-1,-1,,0,"2022-01-10 15:31:48-07"
28,,,,-1,-1,,0,"2022-01-10 15:31:58-07"
28,,,,-1,-1,,0,"2022-01-10 15:32:08-07"
28,,,,-1,-1,,0,"2022-01-10 15:32:18-07"
28,,,,-1,-1,,0,"2022-01-10 15:32:29-07"
28,,,,-1,-1,,0,"2022-01-10 15:32:39-07"
28,,,,-1,-1,,0,"2022-01-10 15:32:49-07"
28,,,,-1,-1,,0,"2022-01-10 15:32:59-07"
28,,,,-1,-1,,0,"2022-01-10 15:33:10-07"
28,,,,-1,-1,,0,"2022-01-10 15:33:20-07"
28,,,,-1,-1,,0,"2022-01-10 15:33:30-07"
28,,,,-1,-1,,0,"2022-01-10 15:33:40-07"
28,,,,-1,-1,,0,"2022-01-10 15:33:50-07"
28,,,,-1,-1,,0,"2022-01-10 15:34:01-07"
28,,,,-1,-1,,0,"2022-01-10 15:34:11-07"
28,,,,-1,-1,,0,"2022-01-10 15:34:21-07"
28,,,,-1,-1,,0,"2022-01-10 15:34:31-07"
28,,,,-1,-1,,0,"2022-01-10 15:34:42-07"
28,,,,-1,-1,,0,"2022-01-10 15:35:07-07"
28,,,,-1,-1,,0,"2022-01-10 15:35:17-07"
28,,,,-1,-1,,0,"2022-01-10 15:35:28-07"
28,,,,-1,-1,,0,"2022-01-10 15:35:38-07"
28,,,,-1,-1,,0,"2022-01-10 15:35:48-07"
28,,,,-1,-1,,0,"2022-01-10 15:35:58-07"
28,,,,-1,-1,,0,"2022-01-10 15:36:08-07"
28,,,,-1,-1,,0,"2022-01-10 15:36:19-07"
28,,,,-1,-1,,0,"2022-01-10 15:36:29-07"
28,,,,-1,-1,,0,"2022-01-10 15:36:39-07"
28,,,,-1,-1,,0,"2022-01-10 15:36:49-07"
28,,,,-1,-1,,0,"2022-01-10 15:36:59-07"
28,,,,-1,-1,,0,"2022-01-10 15:37:25-07"
28,,,,-1,-1,,0,"2022-01-10 15:37:35-07"
28,,,,-1,-1,,0,"2022-01-10 15:37:45-07"
28,,,,-1,-1,,0,"2022-01-10 15:37:55-07"
28,,,,-1,-1,,0,"2022-01-10 15:38:05-07"
28,,,,-1,-1,,0,"2022-01-10 15:38:16-07"
28,,,,-1,-1,,0,"2022-01-10 15:38:26-07"
28,,,,-1,-1,,0,"2022-01-10 15:38:36-07"
28,,,,-1,-1,,0,"2022-01-10 15:38:46-07"
28,,,,-1,-1,,0,"2022-01-10 15:38:56-07"
28,,,,-1,-1,,0,"2022-01-10 15:39:07-07"
28,,,,-1,-1,,0,"2022-01-10 15:39:17-07"
28,,,,-1,-1,,0,"2022-01-10 15:39:27-07"
28,,,,-1,-1,,0,"2022-01-10 15:39:37-07"
28,,,,-1,-1,,0,"2022-01-10 15:39:47-07"
28,,,,-1,-1,,0,"2022-01-10 15:39:58-07"
28,,,,-1,-1,,0,"2022-01-10 15:40:08-07"
28,,,,-1,-1,,0,"2022-01-10 15:40:18-07"
28,,,,-1,-1,,0,"2022-01-10 15:40:28-07"
28,,,,-1,-1,,0,"2022-01-10 15:40:39-07"
28,,,,-1,-1,,0,"2022-01-10 15:40:49-07"
28,,,,-1,-1,,0,"2022-01-10 15:40:59-07"
28,,,,-1,-1,,0,"2022-01-10 15:41:09-07"
28,,,,-1,-1,,0,"2022-01-10 15:41:19-07"
28,,,,-1,-1,,0,"2022-01-10 15:41:30-07"
28,,,,-1,-1,,0,"2022-01-10 15:41:40-07"
28,,,,-1,-1,,0,"2022-01-10 15:41:50-07"
28,,,,-1,-1,,0,"2022-01-10 15:42:00-07"
28,,,,-1,-1,,0,"2022-01-10 15:42:11-07"
28,,,,-1,-1,,0,"2022-01-10 15:42:36-07"
28,,,,-1,-1,,0,"2022-01-10 15:42:46-07"
28,,,,-1,-1,,0,"2022-01-10 15:42:56-07"
28,,,,-1,-1,,0,"2022-01-10 15:43:22-07"
28,,,,-1,-1,,0,"2022-01-10 15:43:32-07"
28,,,,-1,-1,,0,"2022-01-10 15:43:42-07"
28,,,,-1,-1,,0,"2022-01-10 15:43:52-07"
28,,,,-1,-1,,0,"2022-01-10 15:44:03-07"
28,,,,-1,-1,,0,"2022-01-10 15:44:13-07"
28,,,,-1,-1,,0,"2022-01-10 15:44:23-07"
28,,,,-1,-1,,0,"2022-01-10 15:44:33-07"
28,,,,-1,-1,,0,"2022-01-10 15:44:44-07"
28,,,,-1,-1,,0,"2022-01-10 15:44:54-07"
28,,,,-1,-1,,0,"2022-01-10 15:45:04-07"
28,,,,-1,-1,,0,"2022-01-10 15:45:14-07"
28,,,,-1,-1,,0,"2022-01-10 15:45:25-07"
28,,,,-1,-1,,0,"2022-01-10 15:45:35-07"
28,,,,-1,-1,,0,"2022-01-10 15:45:45-07"
28,,,,-1,-1,,0,"2022-01-10 15:45:55-07"
28,,,,-1,-1,,0,"2022-01-10 15:46:06-07"
28,,,,-1,-1,,0,"2022-01-10 15:46:16-07"
28,,,,-1,-1,,0,"2022-01-10 15:46:26-07"
28,,,,-1,-1,,0,"2022-01-10 15:46:36-07"
28,,,,-1,-1,,0,"2022-01-10 15:46:47-07"
28,,,,-1,-1,,0,"2022-01-10 15:46:57-07"
28,,,,-1,-1,,0,"2022-01-10 15:47:07-07"
28,,,,-1,-1,,0,"2022-01-10 15:47:17-07"
28,,,,-1,-1,,0,"2022-01-10 15:47:27-07"
28,,,,-1,-1,,0,"2022-01-10 15:47:38-07"
28,,,,-1,-1,,0,"2022-01-10 15:47:48-07"
28,,,,-1,-1,,0,"2022-01-10 15:47:58-07"
28,,,,-1,-1,,0,"2022-01-10 15:48:09-07"
28,,,,-1,-1,,0,"2022-01-10 15:48:19-07"
28,,,,-1,-1,,0,"2022-01-10 15:48:29-07"
28,,,,-1,-1,,0,"2022-01-10 15:48:39-07"
28,,,,-1,-1,,0,"2022-01-10 15:48:49-07"
28,,,,-1,-1,,0,"2022-01-10 15:49:00-07"
28,,,,-1,-1,,0,"2022-01-10 15:49:10-07"
28,,,,-1,-1,,0,"2022-01-10 15:49:20-07"
28,,,,-1,-1,,0,"2022-01-10 15:49:30-07"
28,,,,-1,-1,,0,"2022-01-10 15:49:41-07"
28,,,,-1,-1,,0,"2022-01-10 15:49:51-07"
28,,,,-1,-1,,0,"2022-01-10 15:50:01-07"
28,,,,-1,-1,,0,"2022-01-10 15:50:11-07"
28,,,,-1,-1,,0,"2022-01-10 15:50:22-07"
28,,,,-1,-1,,0,"2022-01-10 15:50:32-07"
28,,,,-1,-1,,0,"2022-01-10 15:50:42-07"
28,,,,-1,-1,,0,"2022-01-10 15:50:52-07"
28,,,,-1,-1,,0,"2022-01-10 15:51:02-07"
28,,,,-1,-1,,0,"2022-01-10 15:51:13-07"
28,,,,-1,-1,,0,"2022-01-10 15:51:23-07"
28,,,,-1,-1,,0,"2022-01-10 15:51:33-07"
28,,,,-1,-1,,0,"2022-01-10 15:51:43-07"
28,,,,-1,-1,,0,"2022-01-10 15:51:54-07"
28,,,,-1,-1,,0,"2022-01-10 15:52:04-07"
28,,,,-1,-1,,0,"2022-01-10 15:52:14-07"
28,,,,-1,-1,,0,"2022-01-10 15:52:24-07"
28,,,,-1,-1,,0,"2022-01-10 15:52:34-07"
28,,,,-1,-1,,0,"2022-01-10 15:52:45-07"
28,,,,-1,-1,,0,"2022-01-10 15:52:55-07"
28,,,,-1,-1,,0,"2022-01-10 15:53:05-07"
28,,,,-1,-1,,0,"2022-01-10 15:53:15-07"
28,,,,-1,-1,,0,"2022-01-10 15:53:26-07"
28,,,,-1,-1,,0,"2022-01-10 15:53:36-07"
28,,,,-1,-1,,0,"2022-01-10 15:53:46-07"
28,,,,-1,-1,,0,"2022-01-10 15:54:11-07"
28,,,,-1,-1,,0,"2022-01-10 15:54:22-07"
28,,,,-1,-1,,0,"2022-01-10 15:54:32-07"
28,,,,-1,-1,,0,"2022-01-10 15:54:42-07"
28,,,,-1,-1,,0,"2022-01-10 15:54:52-07"
28,,,,-1,-1,,0,"2022-01-10 15:55:02-07"
28,,,,-1,-1,,0,"2022-01-10 15:55:13-07"
28,,,,-1,-1,,0,"2022-01-10 15:55:23-07"
28,,,,-1,-1,,0,"2022-01-10 15:55:33-07"
28,,,,-1,-1,,0,"2022-01-10 15:55:43-07"
28,,,,-1,-1,,0,"2022-01-10 15:55:54-07"
28,,,,-1,-1,,0,"2022-01-10 15:56:04-07"
28,,,,-1,-1,,0,"2022-01-10 15:56:14-07"
28,,,,-1,-1,,0,"2022-01-10 15:56:24-07"
28,,,,-1,-1,,0,"2022-01-10 15:56:35-07"
28,,,,-1,-1,,0,"2022-01-10 15:57:00-07"
28,,,,-1,-1,,0,"2022-01-10 15:57:10-07"
28,,,,-1,-1,,0,"2022-01-10 15:57:20-07"
28,,,,-1,-1,,0,"2022-01-10 15:57:31-07"
28,,,,-1,-1,,0,"2022-01-10 15:57:41-07"
28,,,,-1,-1,,0,"2022-01-10 15:57:51-07"
28,,,,-1,-1,,0,"2022-01-10 15:58:01-07"
28,,,,-1,-1,,0,"2022-01-10 15:58:11-07"
28,,,,-1,-1,,0,"2022-01-10 15:58:22-07"
28,,,,-1,-1,,0,"2022-01-10 15:58:32-07"
28,,,,-1,-1,,0,"2022-01-10 15:58:42-07"
28,,,,-1,-1,,0,"2022-01-10 15:58:52-07"
28,,,,-1,-1,,0,"2022-01-10 15:59:02-07"
28,,,,-1,-1,,0,"2022-01-10 15:59:13-07"
28,,,,-1,-1,,0,"2022-01-10 15:59:23-07"
28,,,,-1,-1,,0,"2022-01-10 15:59:33-07"
28,,,,-1,-1,,0,"2022-01-10 15:59:43-07"
28,,,,-1,-1,,0,"2022-01-10 15:59:53-07"
28,,,,-1,-1,,0,"2022-01-10 16:00:04-07"
28,,,,-1,-1,,0,"2022-01-10 16:00:14-07"
28,,,,-1,-1,,0,"2022-01-10 16:00:24-07"
28,,,,-1,-1,,0,"2022-01-10 16:00:34-07"
28,,,,-1,-1,,0,"2022-01-10 16:00:45-07"
28,,,,-1,-1,,0,"2022-01-10 16:01:10-07"
28,,,,-1,-1,,0,"2022-01-10 16:01:20-07"
28,,,,-1,-1,,0,"2022-01-10 16:01:30-07"
28,,,,-1,-1,,0,"2022-01-10 16:01:40-07"
28,,,,-1,-1,,0,"2022-01-10 16:01:51-07"
28,,,,-1,-1,,0,"2022-01-10 16:02:01-07"
28,,,,-1,-1,,0,"2022-01-10 16:02:11-07"
28,,,,-1,-1,,0,"2022-01-10 16:02:21-07"
28,,,,-1,-1,,0,"2022-01-10 16:02:32-07"
28,,,,-1,-1,,0,"2022-01-10 16:02:42-07"
28,,,,-1,-1,,0,"2022-01-10 16:02:52-07"
28,,,,-1,-1,,0,"2022-01-10 16:03:02-07"
28,,,,-1,-1,,0,"2022-01-10 16:03:12-07"
28,,,,-1,-1,,0,"2022-01-10 16:03:23-07"
28,,,,-1,-1,,0,"2022-01-10 16:03:33-07"
28,,,,-1,-1,,0,"2022-01-10 16:03:43-07"
28,,,,-1,-1,,0,"2022-01-10 16:03:53-07"
28,,,,-1,-1,,0,"2022-01-10 16:04:04-07"
28,,,,-1,-1,,0,"2022-01-10 16:04:14-07"
28,,,,-1,-1,,0,"2022-01-10 16:04:24-07"
28,,,,-1,-1,,0,"2022-01-10 16:04:34-07"
28,,,,-1,-1,,0,"2022-01-10 16:04:45-07"
28,,,,-1,-1,,0,"2022-01-10 16:04:55-07"
28,,,,-1,-1,,0,"2022-01-10 16:05:05-07"
28,,,,-1,-1,,0,"2022-01-10 16:05:15-07"
28,,,,-1,-1,,0,"2022-01-10 16:05:26-07"
28,,,,-1,-1,,0,"2022-01-10 16:05:36-07"
28,,,,-1,-1,,0,"2022-01-10 16:05:46-07"
28,,,,-1,-1,,0,"2022-01-10 16:05:56-07"
28,,,,-1,-1,,0,"2022-01-10 16:06:06-07"
28,,,,-1,-1,,0,"2022-01-10 16:06:17-07"
28,,,,-1,-1,,0,"2022-01-10 16:06:27-07"
28,,,,-1,-1,,0,"2022-01-10 16:06:37-07"
28,,,,-1,-1,,0,"2022-01-10 16:06:47-07"
28,,,,-1,-1,,0,"2022-01-10 16:06:57-07"
28,,,,-1,-1,,0,"2022-01-10 16:07:23-07"
28,,,,-1,-1,,0,"2022-01-10 16:07:33-07"
28,,,,-1,-1,,0,"2022-01-10 16:07:58-07"
28,,,,-1,-1,,0,"2022-01-10 16:08:08-07"
28,,,,-1,-1,,0,"2022-01-10 16:08:19-07"
28,,,,-1,-1,,0,"2022-01-10 16:08:29-07"
28,,,,-1,-1,,0,"2022-01-10 16:08:39-07"
28,,,,-1,-1,,0,"2022-01-10 16:08:49-07"
28,,,,-1,-1,,0,"2022-01-10 16:09:00-07"
28,,,,-1,-1,,0,"2022-01-10 16:09:10-07"
28,,,,-1,-1,,0,"2022-01-10 16:09:20-07"
28,,,,-1,-1,,0,"2022-01-10 16:09:30-07"
28,,,,-1,-1,,0,"2022-01-10 16:09:41-07"
28,,,,-1,-1,,0,"2022-01-10 16:09:51-07"
28,,,,-1,-1,,0,"2022-01-10 16:10:01-07"
28,,,,-1,-1,,0,"2022-01-10 16:10:11-07"
28,,,,-1,-1,,0,"2022-01-10 16:10:21-07"
28,,,,-1,-1,,0,"2022-01-10 16:10:32-07"
28,,,,-1,-1,,0,"2022-01-10 16:10:42-07"
28,,,,-1,-1,,0,"2022-01-10 16:10:52-07"
28,,,,-1,-1,,0,"2022-01-10 16:11:02-07"
28,,,,-1,-1,,0,"2022-01-10 16:11:13-07"
28,,,,-1,-1,,0,"2022-01-10 16:11:23-07"
28,,,,-1,-1,,0,"2022-01-10 16:11:33-07"
28,,,,-1,-1,,0,"2022-01-10 16:11:44-07"
28,,,,-1,-1,,0,"2022-01-10 16:11:54-07"
28,,,,-1,-1,,0,"2022-01-10 16:12:04-07"
28,,,,-1,-1,,0,"2022-01-10 16:12:14-07"
28,,,,-1,-1,,0,"2022-01-10 16:12:24-07"
28,,,,-1,-1,,0,"2022-01-10 16:12:35-07"
28,,,,-1,-1,,0,"2022-01-10 16:12:45-07"
28,,,,-1,-1,,0,"2022-01-10 16:12:55-07"
28,,,,-1,-1,,0,"2022-01-10 16:13:05-07"
28,,,,-1,-1,,0,"2022-01-10 16:13:31-07"
28,,,,-1,-1,,0,"2022-01-10 16:13:41-07"
28,,,,-1,-1,,0,"2022-01-10 16:14:06-07"
28,,,,-1,-1,,0,"2022-01-10 16:14:31-07"
28,,,,-1,-1,,0,"2022-01-10 16:14:42-07"
28,,,,-1,-1,,0,"2022-01-10 16:14:52-07"
28,,,,-1,-1,,0,"2022-01-10 16:15:02-07"
28,,,,-1,-1,,0,"2022-01-10 16:15:12-07"
28,,,,-1,-1,,0,"2022-01-10 16:15:23-07"
28,,,,-1,-1,,0,"2022-01-10 16:15:33-07"
28,,,,-1,-1,,0,"2022-01-10 16:15:43-07"
28,,,,-1,-1,,0,"2022-01-10 16:15:53-07"
28,,,,-1,-1,,0,"2022-01-10 16:16:04-07"
28,,,,-1,-1,,0,"2022-01-10 16:16:14-07"
28,,,,-1,-1,,0,"2022-01-10 16:16:24-07"
28,,,,-1,-1,,0,"2022-01-10 16:16:34-07"
28,,,,-1,-1,,0,"2022-01-10 16:16:45-07"
28,,,,-1,-1,,0,"2022-01-10 16:16:55-07"
28,,,,-1,-1,,0,"2022-01-10 16:17:05-07"
28,,,,-1,-1,,0,"2022-01-10 16:17:15-07"
28,,,,-1,-1,,0,"2022-01-10 16:17:26-07"
28,,,,-1,-1,,0,"2022-01-10 16:17:36-07"
28,,,,-1,-1,,0,"2022-01-10 16:17:46-07"
28,,,,-1,-1,,0,"2022-01-10 16:17:56-07"
28,,,,-1,-1,,0,"2022-01-10 16:18:07-07"
28,,,,-1,-1,,0,"2022-01-10 16:18:17-07"
28,,,,-1,-1,,0,"2022-01-10 16:18:27-07"
28,,,,-1,-1,,0,"2022-01-10 16:18:37-07"
28,,,,-1,-1,,0,"2022-01-10 16:18:47-07"
28,,,,-1,-1,,0,"2022-01-10 16:18:58-07"
28,,,,-1,-1,,0,"2022-01-10 16:19:23-07"
28,,,,-1,-1,,0,"2022-01-10 16:19:33-07"
28,,,,-1,-1,,0,"2022-01-10 16:19:44-07"
28,,,,-1,-1,,0,"2022-01-10 16:19:54-07"
28,,,,-1,-1,,0,"2022-01-10 16:20:04-07"
28,,,,-1,-1,,0,"2022-01-10 16:20:14-07"
28,,,,-1,-1,,0,"2022-01-10 16:20:24-07"
28,,,,-1,-1,,0,"2022-01-10 16:20:35-07"
28,,,,-1,-1,,0,"2022-01-10 16:20:45-07"
28,,,,-1,-1,,0,"2022-01-10 16:20:55-07"
28,,,,-1,-1,,0,"2022-01-10 16:21:05-07"
28,,,,-1,-1,,0,"2022-01-10 16:21:16-07"
28,,,,-1,-1,,0,"2022-01-10 16:21:26-07"
28,,,,-1,-1,,0,"2022-01-10 16:21:36-07"
28,,,,-1,-1,,0,"2022-01-10 16:21:46-07"
28,,,,-1,-1,,0,"2022-01-10 16:21:56-07"
28,,,,-1,-1,,0,"2022-01-10 16:22:07-07"
28,,,,-1,-1,,0,"2022-01-10 16:22:17-07"
28,,,,-1,-1,,0,"2022-01-10 16:22:27-07"
28,,,,-1,-1,,0,"2022-01-10 16:22:37-07"
28,,,,-1,-1,,0,"2022-01-10 16:22:48-07"
28,,,,-1,-1,,0,"2022-01-10 16:22:58-07"
28,,,,-1,-1,,0,"2022-01-10 16:23:08-07"
28,,,,-1,-1,,0,"2022-01-10 16:23:18-07"
28,,,,-1,-1,,0,"2022-01-10 16:23:28-07"
28,,,,-1,-1,,0,"2022-01-10 16:23:39-07"
28,,,,-1,-1,,0,"2022-01-10 16:23:49-07"
28,,,,-1,-1,,0,"2022-01-10 16:23:59-07"
28,,,,-1,-1,,0,"2022-01-10 16:24:09-07"
28,,,,-1,-1,,0,"2022-01-10 16:24:20-07"
28,,,,-1,-1,,0,"2022-01-10 16:24:30-07"
28,,,,-1,-1,,0,"2022-01-10 16:24:40-07"
28,,,,-1,-1,,0,"2022-01-10 16:24:50-07"
28,,,,-1,-1,,0,"2022-01-10 16:25:01-07"
28,,,,-1,-1,,0,"2022-01-10 16:25:11-07"
28,,,,-1,-1,,0,"2022-01-10 16:25:36-07"
28,,,,-1,-1,,0,"2022-01-10 16:25:46-07"
28,,,,-1,-1,,0,"2022-01-10 16:25:57-07"
28,,,,-1,-1,,0,"2022-01-10 16:26:07-07"
28,,,,-1,-1,,0,"2022-01-10 16:26:17-07"
28,,,,-1,-1,,0,"2022-01-10 16:26:27-07"
28,,,,-1,-1,,0,"2022-01-10 16:26:38-07"
28,,,,-1,-1,,0,"2022-01-10 16:26:48-07"
28,,,,-1,-1,,0,"2022-01-10 16:26:58-07"
28,,,,-1,-1,,0,"2022-01-10 16:27:08-07"
28,,,,-1,-1,,0,"2022-01-10 16:27:18-07"
28,,,,-1,-1,,0,"2022-01-10 16:27:29-07"
28,,,,-1,-1,,0,"2022-01-10 16:27:39-07"
28,,,,-1,-1,,0,"2022-01-10 16:27:49-07"
28,,,,-1,-1,,0,"2022-01-10 16:28:00-07"
28,,,,-1,-1,,0,"2022-01-10 16:28:10-07"
28,,,,-1,-1,,0,"2022-01-10 16:28:20-07"
28,,,,-1,-1,,0,"2022-01-10 16:28:30-07"
28,,,,-1,-1,,0,"2022-01-10 16:28:40-07"
28,,,,-1,-1,,0,"2022-01-10 16:28:51-07"
28,,,,-1,-1,,0,"2022-01-10 16:29:01-07"
28,,,,-1,-1,,0,"2022-01-10 16:29:26-07"
28,,,,-1,-1,,0,"2022-01-10 16:29:36-07"
28,,,,-1,-1,,0,"2022-01-10 16:29:47-07"
28,,,,-1,-1,,0,"2022-01-10 16:29:57-07"
28,,,,-1,-1,,0,"2022-01-10 16:30:07-07"
28,,,,-1,-1,,0,"2022-01-10 16:30:17-07"
28,,,,-1,-1,,0,"2022-01-10 16:30:28-07"
28,,,,-1,-1,,0,"2022-01-10 16:30:38-07"
28,,,,-1,-1,,0,"2022-01-10 16:30:48-07"
28,,,,-1,-1,,0,"2022-01-10 16:31:13-07"
28,,,,-1,-1,,0,"2022-01-10 16:31:24-07"
28,,,,-1,-1,,0,"2022-01-10 16:31:34-07"
28,,,,-1,-1,,0,"2022-01-10 16:31:44-07"
28,,,,-1,-1,,0,"2022-01-10 16:31:54-07"
28,,,,-1,-1,,0,"2022-01-10 16:32:05-07"
28,,,,-1,-1,,0,"2022-01-10 16:32:15-07"
28,,,,-1,-1,,0,"2022-01-10 16:32:25-07"
28,,,,-1,-1,,0,"2022-01-10 16:32:35-07"
28,,,,-1,-1,,0,"2022-01-10 16:32:46-07"
28,,,,-1,-1,,0,"2022-01-10 16:32:56-07"
28,,,,-1,-1,,0,"2022-01-10 16:33:06-07"
28,,,,-1,-1,,0,"2022-01-10 16:33:16-07"
28,,,,-1,-1,,0,"2022-01-10 16:33:26-07"
28,,,,-1,-1,,0,"2022-01-10 16:33:37-07"
28,,,,-1,-1,,0,"2022-01-10 16:33:47-07"
28,,,,-1,-1,,0,"2022-01-10 16:33:57-07"
28,,,,-1,-1,,0,"2022-01-10 16:34:07-07"
28,,,,-1,-1,,0,"2022-01-10 16:34:18-07"
28,,,,-1,-1,,0,"2022-01-10 16:34:28-07"
28,,,,-1,-1,,0,"2022-01-10 16:34:38-07"
28,,,,-1,-1,,0,"2022-01-10 16:34:48-07"
28,,,,-1,-1,,0,"2022-01-10 16:34:59-07"
28,,,,-1,-1,,0,"2022-01-10 16:35:09-07"
28,,,,-1,-1,,0,"2022-01-10 16:35:19-07"
28,,,,-1,-1,,0,"2022-01-10 16:35:29-07"
28,,,,-1,-1,,0,"2022-01-10 16:35:40-07"
28,,,,-1,-1,,0,"2022-01-10 16:35:50-07"
28,,,,-1,-1,,0,"2022-01-10 16:36:00-07"
28,,,,-1,-1,,0,"2022-01-10 16:36:10-07"
28,,,,-1,-1,,0,"2022-01-10 16:36:20-07"
28,,,,-1,-1,,0,"2022-01-10 16:36:31-07"
28,,,,-1,-1,,0,"2022-01-10 16:36:41-07"
28,,,,-1,-1,,0,"2022-01-10 16:36:51-07"
28,,,,-1,-1,,0,"2022-01-10 16:37:01-07"
28,,,,-1,-1,,0,"2022-01-10 16:37:12-07"
28,,,,-1,-1,,0,"2022-01-10 16:37:22-07"
28,,,,-1,-1,,0,"2022-01-10 16:37:32-07"
28,,,,-1,-1,,0,"2022-01-10 16:37:42-07"
28,,,,-1,-1,,0,"2022-01-10 16:37:52-07"
28,,,,-1,-1,,0,"2022-01-10 16:38:03-07"
28,,,,-1,-1,,0,"2022-01-10 16:38:13-07"
28,,,,-1,-1,,0,"2022-01-10 16:38:23-07"
28,,,,-1,-1,,0,"2022-01-10 16:38:33-07"
28,,,,-1,-1,,0,"2022-01-10 16:38:44-07"
28,,,,-1,-1,,0,"2022-01-10 16:38:54-07"
28,,,,-1,-1,,0,"2022-01-10 16:39:04-07"
28,,,,-1,-1,,0,"2022-01-10 16:39:14-07"
28,,,,-1,-1,,0,"2022-01-10 16:39:25-07"
28,,,,-1,-1,,0,"2022-01-10 16:39:35-07"
28,,,,-1,-1,,0,"2022-01-10 16:39:45-07"
28,,,,-1,-1,,0,"2022-01-10 16:39:55-07"
28,,,,-1,-1,,0,"2022-01-10 16:40:05-07"
28,,,,-1,-1,,0,"2022-01-10 16:40:16-07"
28,,,,-1,-1,,0,"2022-01-10 16:40:26-07"
28,,,,-1,-1,,0,"2022-01-10 16:40:36-07"
28,,,,-1,-1,,0,"2022-01-10 16:40:46-07"
28,,,,-1,-1,,0,"2022-01-10 16:40:56-07"
28,,,,-1,-1,,0,"2022-01-10 16:41:07-07"
28,,,,-1,-1,,0,"2022-01-10 16:41:17-07"
28,,,,-1,-1,,0,"2022-01-10 16:41:27-07"
28,,,,-1,-1,,0,"2022-01-10 16:41:37-07"
28,,,,-1,-1,,0,"2022-01-10 16:41:47-07"
28,,,,-1,-1,,0,"2022-01-10 16:41:58-07"
28,,,,-1,-1,,0,"2022-01-10 16:42:08-07"
28,,,,-1,-1,,0,"2022-01-10 16:42:18-07"
28,,,,-1,-1,,0,"2022-01-10 16:42:28-07"
28,,,,-1,-1,,0,"2022-01-10 16:42:38-07"
28,,,,-1,-1,,0,"2022-01-10 16:42:49-07"
28,,,,-1,-1,,0,"2022-01-10 16:42:59-07"
28,,,,-1,-1,,0,"2022-01-10 16:43:09-07"
28,,,,-1,-1,,0,"2022-01-10 16:43:19-07"
28,,,,-1,-1,,0,"2022-01-10 16:43:29-07"
28,,,,-1,-1,,0,"2022-01-10 16:43:40-07"
28,,,,-1,-1,,0,"2022-01-10 16:43:50-07"
28,,,,-1,-1,,0,"2022-01-10 16:44:00-07"
28,,,,-1,-1,,0,"2022-01-10 16:44:10-07"
28,,,,-1,-1,,0,"2022-01-10 16:44:21-07"
28,,,,-1,-1,,0,"2022-01-10 16:44:31-07"
28,,,,-1,-1,,0,"2022-01-10 16:44:41-07"
28,,,,-1,-1,,0,"2022-01-10 16:44:51-07"
28,,,,-1,-1,,0,"2022-01-10 16:45:01-07"
28,,,,-1,-1,,0,"2022-01-10 16:45:12-07"
28,,,,-1,-1,,0,"2022-01-10 16:45:22-07"
28,,,,-1,-1,,0,"2022-01-10 16:45:32-07"
28,,,,-1,-1,,0,"2022-01-10 16:45:42-07"
28,,,,-1,-1,,0,"2022-01-10 16:45:53-07"
28,,,,-1,-1,,0,"2022-01-10 16:46:03-07"
28,,,,-1,-1,,0,"2022-01-10 16:46:13-07"
28,,,,-1,-1,,0,"2022-01-10 16:46:23-07"
28,,,,-1,-1,,0,"2022-01-10 16:46:33-07"
28,,,,-1,-1,,0,"2022-01-10 16:46:44-07"
28,,,,-1,-1,,0,"2022-01-10 16:46:54-07"
28,,,,-1,-1,,0,"2022-01-10 16:47:04-07"
28,,,,-1,-1,,0,"2022-01-10 16:47:14-07"
28,,,,-1,-1,,0,"2022-01-10 16:47:25-07"
28,,,,-1,-1,,0,"2022-01-10 16:47:35-07"
28,,,,-1,-1,,0,"2022-01-10 16:47:45-07"
28,,,,-1,-1,,0,"2022-01-10 16:47:55-07"
28,,,,-1,-1,,0,"2022-01-10 16:48:06-07"
28,,,,-1,-1,,0,"2022-01-10 16:48:16-07"
28,,,,-1,-1,,0,"2022-01-10 16:48:26-07"
28,,,,-1,-1,,0,"2022-01-10 16:48:36-07"
28,,,,-1,-1,,0,"2022-01-10 16:48:46-07"
28,,,,-1,-1,,0,"2022-01-10 16:48:57-07"
28,,,,-1,-1,,0,"2022-01-10 16:49:07-07"
28,,,,-1,-1,,0,"2022-01-10 16:49:17-07"
28,,,,-1,-1,,0,"2022-01-10 16:49:27-07"
28,,,,-1,-1,,0,"2022-01-10 16:49:38-07"
28,,,,-1,-1,,0,"2022-01-10 16:49:48-07"
28,,,,-1,-1,,0,"2022-01-10 16:49:58-07"
28,,,,-1,-1,,0,"2022-01-10 16:50:08-07"
28,,,,-1,-1,,0,"2022-01-10 16:50:19-07"
28,,,,-1,-1,,0,"2022-01-10 16:50:29-07"
28,,,,-1,-1,,0,"2022-01-10 16:50:39-07"
28,,,,-1,-1,,0,"2022-01-10 16:50:49-07"
28,,,,-1,-1,,0,"2022-01-10 16:51:15-07"
28,,,,-1,-1,,0,"2022-01-10 16:51:25-07"
28,,,,-1,-1,,0,"2022-01-10 16:51:35-07"
28,,,,-1,-1,,0,"2022-01-10 16:51:45-07"
28,,,,-1,-1,,0,"2022-01-10 16:51:56-07"
28,,,,-1,-1,,0,"2022-01-10 16:52:06-07"
28,,,,-1,-1,,0,"2022-01-10 16:52:16-07"
28,,,,-1,-1,,0,"2022-01-10 16:52:26-07"
28,,,,-1,-1,,0,"2022-01-10 16:52:37-07"
28,,,,-1,-1,,0,"2022-01-10 16:52:47-07"
28,,,,-1,-1,,0,"2022-01-10 16:52:57-07"
28,,,,-1,-1,,0,"2022-01-10 16:53:07-07"
28,,,,-1,-1,,0,"2022-01-10 16:53:18-07"
28,,,,-1,-1,,0,"2022-01-10 16:53:43-07"
28,,,,-1,-1,,0,"2022-01-10 16:53:53-07"
28,,,,-1,-1,,0,"2022-01-10 16:54:03-07"
28,,,,-1,-1,,0,"2022-01-10 16:54:14-07"
28,,,,-1,-1,,0,"2022-01-10 16:54:24-07"
28,,,,-1,-1,,0,"2022-01-10 16:54:49-07"
28,,,,-1,-1,,0,"2022-01-10 16:54:59-07"
28,,,,-1,-1,,0,"2022-01-10 16:55:10-07"
28,,,,-1,-1,,0,"2022-01-10 16:55:20-07"
28,,,,-1,-1,,0,"2022-01-10 16:55:30-07"
28,,,,-1,-1,,0,"2022-01-10 16:55:40-07"
28,,,,-1,-1,,0,"2022-01-10 16:55:50-07"
28,,,,-1,-1,,0,"2022-01-10 16:56:01-07"
28,,,,-1,-1,,0,"2022-01-10 16:56:11-07"
28,,,,-1,-1,,0,"2022-01-10 16:56:21-07"
28,,,,-1,-1,,0,"2022-01-10 16:56:31-07"
28,,,,-1,-1,,0,"2022-01-10 16:56:42-07"
28,,,,-1,-1,,0,"2022-01-10 16:56:52-07"
28,,,,-1,-1,,0,"2022-01-10 16:57:02-07"
28,,,,-1,-1,,0,"2022-01-10 16:57:12-07"
28,,,,-1,-1,,0,"2022-01-10 16:57:22-07"
28,,,,-1,-1,,0,"2022-01-10 16:57:33-07"
28,,,,-1,-1,,0,"2022-01-10 16:57:43-07"
28,,,,-1,-1,,0,"2022-01-10 16:57:53-07"
28,,,,-1,-1,,0,"2022-01-10 16:58:03-07"
28,,,,-1,-1,,0,"2022-01-10 16:58:14-07"
28,,,,-1,-1,,0,"2022-01-10 16:58:24-07"
28,,,,-1,-1,,0,"2022-01-10 16:58:34-07"
28,,,,-1,-1,,0,"2022-01-10 16:58:44-07"
28,,,,-1,-1,,0,"2022-01-10 16:58:55-07"
28,,,,-1,-1,,0,"2022-01-10 16:59:05-07"
28,,,,-1,-1,,0,"2022-01-10 16:59:15-07"
28,,,,-1,-1,,0,"2022-01-10 16:59:25-07"
28,,,,-1,-1,,0,"2022-01-10 16:59:35-07"
28,,,,-1,-1,,0,"2022-01-10 16:59:46-07"
28,,,,-1,-1,,0,"2022-01-10 16:59:56-07"
28,,,,-1,-1,,0,"2022-01-10 17:00:06-07"
28,,,,-1,-1,,0,"2022-01-10 17:00:16-07"
28,,,,-1,-1,,0,"2022-01-10 17:00:27-07"
28,,,,-1,-1,,0,"2022-01-10 17:00:37-07"
28,,,,-1,-1,,0,"2022-01-10 17:00:47-07"
28,,,,-1,-1,,0,"2022-01-10 17:00:57-07"
28,,,,-1,-1,,0,"2022-01-10 17:01:08-07"
28,,,,-1,-1,,0,"2022-01-10 17:01:18-07"
28,,,,-1,-1,,0,"2022-01-10 17:01:28-07"
28,,,,-1,-1,,0,"2022-01-10 17:01:38-07"
28,,,,-1,-1,,0,"2022-01-10 17:01:49-07"
28,,,,-1,-1,,0,"2022-01-10 17:01:59-07"
28,,,,-1,-1,,0,"2022-01-10 17:02:09-07"
28,,,,-1,-1,,0,"2022-01-10 17:02:19-07"
28,,,,-1,-1,,0,"2022-01-10 17:02:30-07"
28,,,,-1,-1,,0,"2022-01-10 17:02:40-07"
28,,,,-1,-1,,0,"2022-01-10 17:02:50-07"
28,,,,-1,-1,,0,"2022-01-10 17:03:00-07"
28,,,,-1,-1,,0,"2022-01-10 17:03:10-07"
28,,,,-1,-1,,0,"2022-01-10 17:03:21-07"
28,,,,-1,-1,,0,"2022-01-10 17:03:31-07"
28,,,,-1,-1,,0,"2022-01-10 17:03:41-07"
28,,,,-1,-1,,0,"2022-01-10 17:03:52-07"
28,,,,-1,-1,,0,"2022-01-10 17:04:02-07"
28,,,,-1,-1,,0,"2022-01-10 17:04:12-07"
28,,,,-1,-1,,0,"2022-01-10 17:04:22-07"
28,,,,-1,-1,,0,"2022-01-10 17:04:32-07"
28,,,,-1,-1,,0,"2022-01-10 17:04:43-07"
28,,,,-1,-1,,0,"2022-01-10 17:04:53-07"
28,,,,-1,-1,,0,"2022-01-10 17:05:03-07"
28,,,,-1,-1,,0,"2022-01-10 17:05:13-07"
28,,,,-1,-1,,0,"2022-01-10 17:05:24-07"
28,,,,-1,-1,,0,"2022-01-10 17:05:49-07"
28,,,,-1,-1,,0,"2022-01-10 17:05:59-07"
28,,,,-1,-1,,0,"2022-01-10 17:06:09-07"
28,,,,-1,-1,,0,"2022-01-10 17:06:20-07"
28,,,,-1,-1,,0,"2022-01-10 17:06:30-07"
28,,,,-1,-1,,0,"2022-01-10 17:06:40-07"
28,,,,-1,-1,,0,"2022-01-10 17:06:50-07"
28,,,,-1,-1,,0,"2022-01-10 17:07:01-07"
28,,,,-1,-1,,0,"2022-01-10 17:07:11-07"
28,,,,-1,-1,,0,"2022-01-10 17:07:36-07"
28,,,,-1,-1,,0,"2022-01-10 17:07:46-07"
28,,,,-1,-1,,0,"2022-01-10 17:07:57-07"
28,,,,-1,-1,,0,"2022-01-10 17:08:07-07"
28,,,,-1,-1,,0,"2022-01-10 17:08:17-07"
28,,,,-1,-1,,0,"2022-01-10 17:08:27-07"
28,,,,-1,-1,,0,"2022-01-10 17:08:38-07"
28,,,,-1,-1,,0,"2022-01-10 17:08:48-07"
28,,,,-1,-1,,0,"2022-01-10 17:08:58-07"
28,,,,-1,-1,,0,"2022-01-10 17:09:08-07"
28,,,,-1,-1,,0,"2022-01-10 17:09:19-07"
28,,,,-1,-1,,0,"2022-01-10 17:09:29-07"
28,,,,-1,-1,,0,"2022-01-10 17:09:39-07"
28,,,,-1,-1,,0,"2022-01-10 17:09:49-07"
28,,,,-1,-1,,0,"2022-01-10 17:10:00-07"
28,,,,-1,-1,,0,"2022-01-10 17:10:10-07"
28,,,,-1,-1,,0,"2022-01-10 17:10:20-07"
28,,,,-1,-1,,0,"2022-01-10 17:10:30-07"
28,,,,-1,-1,,0,"2022-01-10 17:10:40-07"
28,,,,-1,-1,,0,"2022-01-10 17:10:51-07"
28,,,,-1,-1,,0,"2022-01-10 17:11:01-07"
28,,,,-1,-1,,0,"2022-01-10 17:11:11-07"
28,,,,-1,-1,,0,"2022-01-10 17:11:21-07"
28,,,,-1,-1,,0,"2022-01-10 17:11:32-07"
28,,,,-1,-1,,0,"2022-01-10 17:11:42-07"
28,,,,-1,-1,,0,"2022-01-10 17:11:52-07"
28,,,,-1,-1,,0,"2022-01-10 17:12:02-07"
28,,,,-1,-1,,0,"2022-01-10 17:12:28-07"
28,,,,-1,-1,,0,"2022-01-10 17:12:38-07"
28,,,,-1,-1,,0,"2022-01-10 17:12:48-07"
28,,,,-1,-1,,0,"2022-01-10 17:12:58-07"
28,,,,-1,-1,,0,"2022-01-10 17:13:09-07"
28,,,,-1,-1,,0,"2022-01-10 17:13:19-07"
28,,,,-1,-1,,0,"2022-01-10 17:13:29-07"
28,,,,-1,-1,,0,"2022-01-10 17:13:39-07"
28,,,,-1,-1,,0,"2022-01-10 17:13:50-07"
28,,,,-1,-1,,0,"2022-01-10 17:14:00-07"
28,,,,-1,-1,,0,"2022-01-10 17:14:10-07"
28,,,,-1,-1,,0,"2022-01-10 17:14:20-07"
28,,,,-1,-1,,0,"2022-01-10 17:14:30-07"
28,,,,-1,-1,,0,"2022-01-10 17:14:41-07"
28,,,,-1,-1,,0,"2022-01-10 17:14:51-07"
28,,,,-1,-1,,0,"2022-01-10 17:15:01-07"
28,,,,-1,-1,,0,"2022-01-10 17:15:11-07"
28,,,,-1,-1,,0,"2022-01-10 17:15:22-07"
28,,,,-1,-1,,0,"2022-01-10 17:15:32-07"
28,,,,-1,-1,,0,"2022-01-10 17:15:42-07"
28,,,,-1,-1,,0,"2022-01-10 17:15:52-07"
28,,,,-1,-1,,0,"2022-01-10 17:16:03-07"
28,,,,-1,-1,,0,"2022-01-10 17:16:13-07"
28,,,,-1,-1,,0,"2022-01-10 17:16:23-07"
28,,,,-1,-1,,0,"2022-01-10 17:16:33-07"
28,,,,-1,-1,,0,"2022-01-10 17:16:44-07"
28,,,,-1,-1,,0,"2022-01-10 17:16:54-07"
28,,,,-1,-1,,0,"2022-01-10 17:17:04-07"
28,,,,-1,-1,,0,"2022-01-10 17:17:14-07"
28,,,,-1,-1,,0,"2022-01-10 17:17:25-07"
28,,,,-1,-1,,0,"2022-01-10 17:17:35-07"
