,time,speed,elevation,BUS ID,Date
12659,0.0,0.0,661,8027,2021-05-19
12660,30.4,0.0,661,8027,2021-05-19
12661,45.7,11.8,661,8027,2021-05-19
12662,60.9,37.9,661,8027,2021-05-19
12663,76.1,26.0,661,8027,2021-05-19
12664,91.3,19.0,661,8027,2021-05-19
12665,106.5,47.3,662,8027,2021-05-19
12666,121.7,59.0,662,8027,2021-05-19
12667,136.9,56.9,661,8027,2021-05-19
12668,152.1,59.1,662,8027,2021-05-19
12669,167.3,52.1,662,8027,2021-05-19
12670,182.5,45.0,662,8027,2021-05-19
12671,197.7,68.7,663,8027,2021-05-19
12672,213.0,68.5,661,8027,2021-05-19
12673,228.2,73.4,660,8027,2021-05-19
12674,243.4,63.7,648,8027,2021-05-19
12675,258.6,73.6,626,8027,2021-05-19
12676,273.8,71.0,614,8027,2021-05-19
12677,289.0,73.3,639,8027,2021-05-19
12678,304.3,73.1,647,8027,2021-05-19
12679,319.6,82.2,652,8027,2021-05-19
12680,334.9,80.1,657,8027,2021-05-19
12681,350.3,61.0,659,8027,2021-05-19
12682,365.5,33.1,660,8027,2021-05-19
12683,380.6,54.6,661,8027,2021-05-19
12684,395.9,33.1,662,8027,2021-05-19
12685,411.1,30.6,662,8027,2021-05-19
12686,426.3,45.0,662,8027,2021-05-19
12687,441.5,35.5,661,8027,2021-05-19
12688,456.8,52.1,661,8027,2021-05-19
12689,472.1,37.5,660,8027,2021-05-19
12690,487.4,37.8,660,8027,2021-05-19
12691,502.5,49.8,651,8027,2021-05-19
12692,517.8,59.1,626,8027,2021-05-19
12693,533.0,51.9,618,8027,2021-05-19
12694,548.3,49.5,619,8027,2021-05-19
12695,563.5,49.7,621,8027,2021-05-19
12696,578.7,42.5,621,8027,2021-05-19
12697,594.0,49.7,625,8027,2021-05-19
12698,609.2,58.9,627,8027,2021-05-19
12699,624.4,61.7,615,8027,2021-05-19
12700,639.6,56.7,623,8027,2021-05-19
12701,655.0,54.0,625,8027,2021-05-19
12702,670.2,52.0,628,8027,2021-05-19
12703,685.4,49.7,639,8027,2021-05-19
12704,700.6,54.4,652,8027,2021-05-19
12705,715.9,40.1,660,8027,2021-05-19
12706,731.1,11.8,661,8027,2021-05-19
12707,761.5,0.0,661,8027,2021-05-19
12708,776.7,7.1,661,8027,2021-05-19
12709,791.9,23.7,660,8027,2021-05-19
12710,807.2,37.9,646,8027,2021-05-19
12711,822.4,16.6,641,8027,2021-05-19
12712,837.6,45.0,617,8027,2021-05-19
12713,852.9,42.2,622,8027,2021-05-19
12714,868.1,45.2,637,8027,2021-05-19
12715,883.3,42.6,663,8027,2021-05-19
12716,898.5,45.0,673,8027,2021-05-19
12717,913.7,30.8,675,8027,2021-05-19
12718,929.1,30.4,676,8027,2021-05-19
12719,944.3,26.0,676,8027,2021-05-19
12720,959.6,30.7,676,8027,2021-05-19
12721,974.8,33.1,676,8027,2021-05-19
12722,990.0,9.5,676,8027,2021-05-19
12723,1020.4,0.0,676,8027,2021-05-19
12724,1035.7,28.2,676,8027,2021-05-19
12725,1050.9,42.5,676,8027,2021-05-19
12726,1066.2,11.8,676,8027,2021-05-19
12727,1081.4,26.0,676,8027,2021-05-19
12728,1096.6,16.5,676,8027,2021-05-19
12729,1324.9,5.0,675,8027,2021-05-19
12730,1340.1,26.0,676,8027,2021-05-19
12731,1355.3,23.7,676,8027,2021-05-19
12732,1370.5,26.0,675,8027,2021-05-19
12733,1385.7,11.8,674,8027,2021-05-19
12734,1400.9,18.9,673,8027,2021-05-19
12735,1416.2,7.1,673,8027,2021-05-19
12736,1431.4,30.7,673,8027,2021-05-19
12737,1446.7,33.0,675,8027,2021-05-19
12738,1461.8,11.9,675,8027,2021-05-19
12739,1477.1,37.8,675,8027,2021-05-19
12740,1492.3,30.8,676,8027,2021-05-19
12741,1507.5,16.6,676,8027,2021-05-19
12742,1522.8,30.7,675,8027,2021-05-19
12743,1538.0,45.0,672,8027,2021-05-19
12744,1553.3,44.5,670,8027,2021-05-19
12745,1568.6,49.5,670,8027,2021-05-19
12746,1583.8,45.1,668,8027,2021-05-19
12747,1599.1,11.7,667,8027,2021-05-19
12748,1629.6,2.4,667,8027,2021-05-19
12749,1644.7,14.2,665,8027,2021-05-19
12750,1660.0,49.4,656,8027,2021-05-19
12751,1675.2,56.8,654,8027,2021-05-19
12752,1690.5,54.4,644,8027,2021-05-19
12753,1705.8,51.8,639,8027,2021-05-19
12754,1720.9,42.9,639,8027,2021-05-19
12755,1736.1,11.8,634,8027,2021-05-19
12756,1751.3,4.7,634,8027,2021-05-19
12757,1766.6,28.4,629,8027,2021-05-19
12758,1781.8,40.3,626,8027,2021-05-19
12759,1797.0,21.3,622,8027,2021-05-19
12760,1812.3,16.5,619,8027,2021-05-19
12761,1827.5,21.3,616,8027,2021-05-19
12762,1842.7,30.8,622,8027,2021-05-19
12763,1857.9,42.6,630,8027,2021-05-19
12764,1873.2,49.5,636,8027,2021-05-19
12765,1888.5,51.8,652,8027,2021-05-19
12766,1903.6,57.1,658,8027,2021-05-19
12767,1918.8,49.7,658,8027,2021-05-19
12768,1934.1,49.5,664,8027,2021-05-19
12769,1949.3,56.8,665,8027,2021-05-19
12770,1964.5,49.7,665,8027,2021-05-19
12771,1979.7,23.7,666,8027,2021-05-19
12772,2055.9,0.9,666,8027,2021-05-19
12773,2192.9,21.8,671,8027,2021-05-19
12774,2392.3,12.8,674,8027,2021-05-19
12775,2779.2,5.4,673,8027,2021-05-19
12776,2816.9,0.0,673,8027,2021-05-19
12777,2832.1,4.7,673,8027,2021-05-19
12778,2847.4,37.7,672,8027,2021-05-19
12779,2862.6,44.9,672,8027,2021-05-19
12780,2877.9,54.3,672,8027,2021-05-19
12781,2893.0,38.0,672,8027,2021-05-19
12782,2908.3,7.1,672,8027,2021-05-19
12783,2923.5,0.0,672,8027,2021-05-19
12784,2938.7,11.8,672,8027,2021-05-19
12785,2953.9,40.2,672,8027,2021-05-19
12786,2969.2,49.5,672,8027,2021-05-19
12787,2984.4,23.7,672,8027,2021-05-19
12788,2999.6,0.0,672,8027,2021-05-19
12789,3014.8,11.8,672,8027,2021-05-19
12790,3030.1,0.0,672,8027,2021-05-19
12791,3045.3,37.8,672,8027,2021-05-19
12792,3060.5,52.1,672,8027,2021-05-19
12793,3075.7,54.4,673,8027,2021-05-19
12794,3090.9,44.9,674,8027,2021-05-19
12795,3106.1,9.5,675,8027,2021-05-19
12796,3121.3,14.2,675,8027,2021-05-19
12797,3136.6,45.0,675,8027,2021-05-19
12798,3151.8,49.6,676,8027,2021-05-19
12799,3167.0,37.9,677,8027,2021-05-19
12800,3182.4,16.4,678,8027,2021-05-19
12801,3197.6,2.4,678,8027,2021-05-19
12802,3212.9,0.0,678,8027,2021-05-19
12803,3228.2,30.5,678,8027,2021-05-19
12804,3243.5,49.6,679,8027,2021-05-19
12805,3258.7,49.7,680,8027,2021-05-19
12806,3273.9,23.7,680,8027,2021-05-19
12807,3289.1,7.1,680,8027,2021-05-19
12808,3304.4,33.0,680,8027,2021-05-19
12809,3410.8,5.1,680,8027,2021-05-19
12810,3426.1,51.9,680,8027,2021-05-19
12811,3441.4,49.4,679,8027,2021-05-19
12812,3456.6,54.6,678,8027,2021-05-19
12813,3471.8,11.8,678,8027,2021-05-19
12814,3487.0,33.2,678,8027,2021-05-19
12815,3502.3,47.0,678,8027,2021-05-19
12816,3517.6,52.0,677,8027,2021-05-19
12817,3532.8,7.1,677,8027,2021-05-19
12818,3548.0,30.7,677,8027,2021-05-19
12819,3563.3,11.7,677,8027,2021-05-19
12820,3593.7,0.0,677,8027,2021-05-19
12821,3608.9,26.1,677,8027,2021-05-19
12822,3624.1,11.8,678,8027,2021-05-19
12823,3639.3,16.6,678,8027,2021-05-19
12824,3654.6,18.9,678,8027,2021-05-19
12825,3669.8,0.0,678,8027,2021-05-19
12826,3685.0,2.4,678,8027,2021-05-19
12827,3700.3,37.7,678,8027,2021-05-19
12828,3715.5,49.6,678,8027,2021-05-19
12829,3730.7,23.7,678,8027,2021-05-19
12830,3791.5,0.0,678,8027,2021-05-19
12831,3806.7,23.7,678,8027,2021-05-19
12832,3821.9,56.8,679,8027,2021-05-19
12833,3837.2,56.5,679,8027,2021-05-19
12834,3852.4,45.0,679,8027,2021-05-19
12835,3867.7,18.9,679,8027,2021-05-19
12836,3882.9,0.0,679,8027,2021-05-19
12837,3898.1,23.8,679,8027,2021-05-19
12838,3913.3,61.4,679,8027,2021-05-19
12839,3928.5,45.0,679,8027,2021-05-19
12840,3943.7,49.6,679,8027,2021-05-19
12841,3958.9,56.8,680,8027,2021-05-19
12842,4080.8,9.2,680,8027,2021-05-19
12843,4096.1,32.8,679,8027,2021-05-19
12844,4111.4,30.6,679,8027,2021-05-19
12845,4126.6,61.6,678,8027,2021-05-19
12846,4141.8,63.9,677,8027,2021-05-19
12847,4157.1,61.2,678,8027,2021-05-19
12848,4172.4,63.7,679,8027,2021-05-19
12849,4187.6,63.9,680,8027,2021-05-19
12850,4202.9,40.1,679,8027,2021-05-19
12851,4218.0,26.1,679,8027,2021-05-19
12852,4233.3,51.9,681,8027,2021-05-19
12853,4248.5,19.0,681,8027,2021-05-19
12854,4993.9,2.0,681,8027,2021-05-19
12855,5009.1,28.4,681,8027,2021-05-19
12856,5024.3,42.5,681,8027,2021-05-19
12857,5039.5,7.1,681,8027,2021-05-19
12858,5054.7,30.7,681,8027,2021-05-19
12859,5070.0,28.4,681,8027,2021-05-19
12860,5085.3,21.2,681,8027,2021-05-19
12861,5100.5,30.8,682,8027,2021-05-19
12862,5115.8,35.3,682,8027,2021-05-19
12863,5130.9,21.4,681,8027,2021-05-19
12864,5146.1,30.7,681,8027,2021-05-19
12865,5161.4,26.0,681,8027,2021-05-19
12866,5176.6,9.5,681,8027,2021-05-19
12867,5191.8,28.4,682,8027,2021-05-19
12868,5207.0,42.6,682,8027,2021-05-19
12869,5222.3,35.4,683,8027,2021-05-19
12870,5237.5,26.0,683,8027,2021-05-19
12871,5252.7,26.1,683,8027,2021-05-19
12872,5267.9,37.8,682,8027,2021-05-19
12873,5283.2,42.5,683,8027,2021-05-19
12874,5298.4,37.9,685,8027,2021-05-19
12875,5313.6,16.5,685,8027,2021-05-19
12876,5328.8,26.0,685,8027,2021-05-19
12877,5344.0,7.1,685,8027,2021-05-19
12878,5374.4,0.0,685,8027,2021-05-19
12879,5389.7,23.7,685,8027,2021-05-19
12880,5404.9,33.2,685,8027,2021-05-19
12881,5754.9,16.0,685,8027,2021-05-19
12882,5770.1,35.4,685,8027,2021-05-19
12883,5785.4,33.1,686,8027,2021-05-19
12884,5800.6,35.5,686,8027,2021-05-19
12885,5815.8,33.1,686,8027,2021-05-19
12886,5831.0,30.7,687,8027,2021-05-19
12887,5846.3,4.7,687,8027,2021-05-19
12888,5861.5,2.4,687,8027,2021-05-19
12889,5876.8,28.4,687,8027,2021-05-19
12890,5891.9,28.5,687,8027,2021-05-19
12891,5907.1,30.7,687,8027,2021-05-19
12892,5922.5,18.8,688,8027,2021-05-19
12893,5937.7,42.6,689,8027,2021-05-19
12894,5952.9,35.5,691,8027,2021-05-19
12895,5968.1,2.4,691,8027,2021-05-19
12896,5983.3,0.0,691,8027,2021-05-19
12897,5998.5,16.6,693,8027,2021-05-19
12898,6013.7,28.4,695,8027,2021-05-19
12899,6028.9,0.0,695,8027,2021-05-19
12900,6044.3,18.8,695,8027,2021-05-19
12901,6059.5,47.3,696,8027,2021-05-19
12902,6074.7,37.9,695,8027,2021-05-19
12903,6089.9,37.8,694,8027,2021-05-19
12904,6105.2,32.9,690,8027,2021-05-19
12905,6120.5,40.2,688,8027,2021-05-19
12906,6135.6,33.2,689,8027,2021-05-19
12907,6150.8,42.6,690,8027,2021-05-19
12908,6166.1,37.8,690,8027,2021-05-19
12909,6181.4,21.1,690,8027,2021-05-19
12910,6196.7,9.5,690,8027,2021-05-19
12911,6211.9,14.2,690,8027,2021-05-19
12912,6227.1,42.6,688,8027,2021-05-19
12913,6242.4,37.6,688,8027,2021-05-19
12914,6257.6,30.7,689,8027,2021-05-19
12915,6272.8,19.0,689,8027,2021-05-19
12916,6288.0,42.6,687,8027,2021-05-19
12917,6303.3,37.7,685,8027,2021-05-19
12918,6318.5,33.1,683,8027,2021-05-19
12919,6333.8,30.6,683,8027,2021-05-19
12920,6349.0,26.0,682,8027,2021-05-19
12921,6364.1,0.0,682,8027,2021-05-19
12922,6379.4,16.5,682,8027,2021-05-19
12923,6394.6,26.0,682,8027,2021-05-19
12924,6409.8,30.8,683,8027,2021-05-19
12925,6425.0,18.9,683,8027,2021-05-19
12926,6440.4,30.5,682,8027,2021-05-19
12927,6486.0,0.0,682,8027,2021-05-19
12928,6501.4,21.1,680,8027,2021-05-19
12929,6516.5,35.7,678,8027,2021-05-19
12930,6531.7,37.8,674,8027,2021-05-19
12931,6546.9,35.5,671,8027,2021-05-19
12932,6562.1,26.0,669,8027,2021-05-19
12933,6577.4,40.0,667,8027,2021-05-19
12934,6592.6,23.7,667,8027,2021-05-19
12935,6607.8,35.5,671,8027,2021-05-19
12936,6623.1,28.3,670,8027,2021-05-19
12937,6638.3,4.7,670,8027,2021-05-19
12938,6653.5,37.9,668,8027,2021-05-19
12939,6668.7,37.9,664,8027,2021-05-19
12940,6684.0,37.7,663,8027,2021-05-19
12941,6699.3,35.3,662,8027,2021-05-19
12942,6714.5,30.7,663,8027,2021-05-19
12943,6729.8,37.7,661,8027,2021-05-19
12944,6744.9,19.0,660,8027,2021-05-19
12945,6760.2,37.6,659,8027,2021-05-19
12946,6775.5,0.0,659,8027,2021-05-19
12947,6790.6,30.9,658,8027,2021-05-19
12948,6806.0,32.8,654,8027,2021-05-19
12949,6821.2,19.0,654,8027,2021-05-19
12950,6836.4,16.6,654,8027,2021-05-19
12951,7247.2,0.1,654,8027,2021-05-19
12952,7262.4,4.7,654,8027,2021-05-19
12953,7277.6,14.2,654,8027,2021-05-19
12954,7292.7,16.6,654,8027,2021-05-19
12955,7308.0,33.0,654,8027,2021-05-19
12956,7323.4,35.2,657,8027,2021-05-19
12957,7338.6,33.1,658,8027,2021-05-19
12958,7353.8,42.7,658,8027,2021-05-19
12959,7369.0,18.9,659,8027,2021-05-19
12960,7384.2,11.8,660,8027,2021-05-19
12961,7460.3,0.9,660,8027,2021-05-19
12962,7475.6,32.9,661,8027,2021-05-19
12963,7490.8,35.5,662,8027,2021-05-19
12964,7506.0,9.4,662,8027,2021-05-19
12965,7521.3,4.7,663,8027,2021-05-19
12966,7536.4,30.8,663,8027,2021-05-19
12967,7551.7,33.0,663,8027,2021-05-19
12968,7566.9,42.6,665,8027,2021-05-19
12969,7582.2,42.5,670,8027,2021-05-19
12970,7597.4,40.2,670,8027,2021-05-19
12971,7612.6,9.5,670,8027,2021-05-19
12972,7627.8,9.5,669,8027,2021-05-19
12973,7643.1,28.3,667,8027,2021-05-19
12974,7658.2,2.4,667,8027,2021-05-19
12975,7673.5,35.4,668,8027,2021-05-19
12976,7688.7,33.0,669,8027,2021-05-19
12977,7703.9,16.6,671,8027,2021-05-19
12978,7719.2,30.6,674,8027,2021-05-19
12979,7734.4,37.9,677,8027,2021-05-19
12980,7749.6,40.2,680,8027,2021-05-19
12981,7764.8,11.8,681,8027,2021-05-19
12982,7780.0,0.0,681,8027,2021-05-19
12983,7795.3,7.1,682,8027,2021-05-19
12984,7810.5,28.5,683,8027,2021-05-19
12985,7825.7,11.8,683,8027,2021-05-19
12986,7840.9,7.1,683,8027,2021-05-19
12987,7856.1,18.9,682,8027,2021-05-19
12988,7871.4,30.7,682,8027,2021-05-19
12989,7886.6,7.1,682,8027,2021-05-19
12990,7901.8,30.7,682,8027,2021-05-19
12991,7917.0,26.0,683,8027,2021-05-19
12992,7932.3,37.6,684,8027,2021-05-19
12993,7947.5,35.5,686,8027,2021-05-19
12994,7962.7,2.4,686,8027,2021-05-19
12995,7977.9,30.7,687,8027,2021-05-19
12996,7993.2,30.7,689,8027,2021-05-19
12997,8008.4,18.9,689,8027,2021-05-19
12998,8023.6,37.8,688,8027,2021-05-19
12999,8038.8,35.5,689,8027,2021-05-19
13000,8054.0,14.2,689,8027,2021-05-19
13001,8069.3,11.8,690,8027,2021-05-19
13002,8084.5,30.7,690,8027,2021-05-19
13003,8099.7,40.2,690,8027,2021-05-19
13004,8114.9,42.7,690,8027,2021-05-19
13005,8130.2,37.7,688,8027,2021-05-19
13006,8145.4,42.5,689,8027,2021-05-19
13007,8160.6,33.1,693,8027,2021-05-19
13008,8175.9,28.4,695,8027,2021-05-19
13009,8191.2,37.6,696,8027,2021-05-19
13010,8206.3,49.8,695,8027,2021-05-19
13011,8221.6,30.7,695,8027,2021-05-19
13012,8236.8,26.0,693,8027,2021-05-19
13013,8252.0,19.0,693,8027,2021-05-19
13014,8282.4,0.0,693,8027,2021-05-19
13015,8297.6,7.1,692,8027,2021-05-19
13016,8312.9,35.4,690,8027,2021-05-19
13017,8328.1,37.9,689,8027,2021-05-19
13018,8343.3,26.0,687,8027,2021-05-19
13019,8358.5,7.1,687,8027,2021-05-19
13020,8373.8,11.8,687,8027,2021-05-19
13021,8389.0,11.8,687,8027,2021-05-19
13022,8404.2,30.7,687,8027,2021-05-19
13023,8419.4,30.7,687,8027,2021-05-19
13024,8434.6,18.9,687,8027,2021-05-19
13025,8449.9,7.1,687,8027,2021-05-19
13026,8465.2,37.5,686,8027,2021-05-19
13027,8480.4,30.8,686,8027,2021-05-19
13028,8495.6,30.7,686,8027,2021-05-19
13029,8510.9,33.1,685,8027,2021-05-19
13030,8526.1,35.5,685,8027,2021-05-19
13031,8708.7,29.4,685,8027,2021-05-19
13032,8723.9,35.5,685,8027,2021-05-19
13033,8739.1,2.4,685,8027,2021-05-19
13034,8769.5,0.0,685,8027,2021-05-19
13035,8784.7,11.8,685,8027,2021-05-19
13036,8800.0,35.4,685,8027,2021-05-19
13037,8815.2,14.2,685,8027,2021-05-19
13038,8830.5,35.3,684,8027,2021-05-19
13039,8845.7,38.0,683,8027,2021-05-19
13040,8860.8,38.0,683,8027,2021-05-19
13041,8876.1,26.0,683,8027,2021-05-19
13042,8891.3,30.8,683,8027,2021-05-19
13043,8906.5,37.8,682,8027,2021-05-19
13044,8921.7,38.0,682,8027,2021-05-19
13045,8936.9,35.5,681,8027,2021-05-19
13046,8952.2,21.2,681,8027,2021-05-19
13047,8967.4,35.4,681,8027,2021-05-19
13048,8982.7,26.0,682,8027,2021-05-19
13049,8997.8,16.6,682,8027,2021-05-19
13050,9013.1,28.4,682,8027,2021-05-19
13051,9028.3,11.8,682,8027,2021-05-19
13052,9043.5,23.7,681,8027,2021-05-19
13053,9058.7,11.8,681,8027,2021-05-19
13054,9074.0,26.0,681,8027,2021-05-19
13055,9089.1,26.1,681,8027,2021-05-19
13056,9104.4,4.7,681,8027,2021-05-19
13057,9119.6,0.0,681,8027,2021-05-19
13058,9134.8,7.1,681,8027,2021-05-19
13059,9150.0,30.8,682,8027,2021-05-19
13060,9165.2,49.7,682,8027,2021-05-19
13061,9180.4,18.9,682,8027,2021-05-19
13062,9210.9,3.5,682,8027,2021-05-19
13063,9226.1,23.7,680,8027,2021-05-19
13064,9241.3,18.9,680,8027,2021-05-19
13065,9256.6,14.2,680,8027,2021-05-19
13066,9271.8,16.6,681,8027,2021-05-19
13067,9287.0,14.2,681,8027,2021-05-19
13068,9302.2,7.1,681,8027,2021-05-19
13069,9819.3,0.1,681,8027,2021-05-19
13070,9834.6,14.2,680,8027,2021-05-19
13071,9849.8,16.5,680,8027,2021-05-19
13072,9865.0,23.8,680,8027,2021-05-19
13073,9880.3,25.9,681,8027,2021-05-19
13074,9895.8,39.5,680,8027,2021-05-19
13075,9911.0,28.4,679,8027,2021-05-19
13076,9926.2,7.1,679,8027,2021-05-19
13077,10002.3,0.0,679,8027,2021-05-19
13078,10017.4,4.8,679,8027,2021-05-19
13079,10032.6,33.1,679,8027,2021-05-19
13080,10047.8,49.7,680,8027,2021-05-19
13081,10063.1,14.2,680,8027,2021-05-19
13082,10078.3,47.2,681,8027,2021-05-19
13083,10093.5,45.0,681,8027,2021-05-19
13084,10108.8,44.8,681,8027,2021-05-19
13085,10124.2,28.1,681,8027,2021-05-19
13086,10139.2,28.8,681,8027,2021-05-19
13087,10154.5,40.0,682,8027,2021-05-19
13088,10169.6,33.2,683,8027,2021-05-19
13089,10184.9,26.0,682,8027,2021-05-19
13090,10200.1,11.8,682,8027,2021-05-19
13091,10215.3,4.7,682,8027,2021-05-19
13092,10230.5,33.1,683,8027,2021-05-19
13093,10245.8,35.4,685,8027,2021-05-19
13094,10260.9,33.2,686,8027,2021-05-19
13095,10276.2,11.8,685,8027,2021-05-19
13096,10291.5,14.2,685,8027,2021-05-19
13097,10306.6,30.9,685,8027,2021-05-19
13098,10321.8,28.4,684,8027,2021-05-19
13099,10337.0,30.8,684,8027,2021-05-19
13100,10352.4,32.8,684,8027,2021-05-19
13101,10367.6,30.8,684,8027,2021-05-19
13102,10382.8,33.1,684,8027,2021-05-19
13103,10398.0,30.8,683,8027,2021-05-19
13104,10413.3,30.6,683,8027,2021-05-19
13105,10428.5,30.8,684,8027,2021-05-19
13106,10443.7,23.7,684,8027,2021-05-19
13107,10458.9,30.8,685,8027,2021-05-19
13108,10474.2,28.2,686,8027,2021-05-19
13109,10489.4,30.8,687,8027,2021-05-19
13110,10504.6,30.7,687,8027,2021-05-19
13111,10519.8,18.9,688,8027,2021-05-19
13112,10535.0,35.5,689,8027,2021-05-19
13113,10550.3,33.0,691,8027,2021-05-19
13114,10565.5,11.8,691,8027,2021-05-19
13115,10580.7,0.0,691,8027,2021-05-19
13116,10596.0,7.1,692,8027,2021-05-19
13117,10611.2,35.6,694,8027,2021-05-19
13118,10626.4,11.8,694,8027,2021-05-19
13119,10732.9,0.3,694,8027,2021-05-19
13120,10748.1,11.8,694,8027,2021-05-19
13121,10763.4,30.7,693,8027,2021-05-19
13122,10778.6,33.1,692,8027,2021-05-19
13123,10793.8,35.5,690,8027,2021-05-19
13124,10809.0,33.2,689,8027,2021-05-19
13125,10824.3,30.6,687,8027,2021-05-19
13126,10915.6,5.9,687,8027,2021-05-19
13127,10930.8,9.5,687,8027,2021-05-19
13128,10946.0,0.0,687,8027,2021-05-19
13129,10961.3,11.8,686,8027,2021-05-19
13130,10976.4,19.0,685,8027,2021-05-19
13131,10991.7,11.8,685,8027,2021-05-19
13132,11006.9,49.7,684,8027,2021-05-19
13133,11022.1,54.4,684,8027,2021-05-19
13134,11037.4,51.8,685,8027,2021-05-19
13135,11052.6,26.1,683,8027,2021-05-19
13136,11067.8,9.5,682,8027,2021-05-19
13137,11083.0,7.1,682,8027,2021-05-19
13138,11098.3,37.7,679,8027,2021-05-19
13139,11113.6,56.5,673,8027,2021-05-19
13140,11128.8,54.7,668,8027,2021-05-19
13141,11144.0,44.9,663,8027,2021-05-19
13142,11159.2,33.1,662,8027,2021-05-19
13143,11174.4,47.3,657,8027,2021-05-19
13144,11189.6,30.8,654,8027,2021-05-19
13145,11204.8,33.1,653,8027,2021-05-19
13146,11220.1,35.4,652,8027,2021-05-19
13147,11235.4,28.3,652,8027,2021-05-19
13148,11250.5,35.5,653,8027,2021-05-19
13149,11265.7,26.0,653,8027,2021-05-19
13150,11280.9,30.8,654,8027,2021-05-19
13151,11296.2,26.0,654,8027,2021-05-19
13152,11311.5,16.4,653,8027,2021-05-19
13153,11326.9,32.7,655,8027,2021-05-19
13154,11342.1,42.6,659,8027,2021-05-19
13155,11357.4,42.6,660,8027,2021-05-19
13156,11372.6,33.1,659,8027,2021-05-19
13157,11387.8,37.8,656,8027,2021-05-19
13158,11403.0,16.6,655,8027,2021-05-19
13159,11418.2,14.2,654,8027,2021-05-19
13160,11433.4,16.5,654,8027,2021-05-19
13161,11448.6,9.5,654,8027,2021-05-19
13162,11463.9,0.0,654,8027,2021-05-19
13163,11996.2,0.0,654,8027,2021-05-19
13164,12011.5,9.4,654,8027,2021-05-19
13165,12026.8,9.4,654,8027,2021-05-19
13166,12042.1,30.5,654,8027,2021-05-19
13167,12057.3,23.7,655,8027,2021-05-19
13168,12072.5,18.9,657,8027,2021-05-19
13169,12087.7,7.1,657,8027,2021-05-19
13170,12102.9,37.8,658,8027,2021-05-19
13171,12118.3,42.3,657,8027,2021-05-19
13172,12133.5,45.0,654,8027,2021-05-19
13173,12148.7,9.5,653,8027,2021-05-19
13174,12163.9,21.3,654,8027,2021-05-19
13175,12179.2,30.7,654,8027,2021-05-19
13176,12194.4,30.8,653,8027,2021-05-19
13177,12209.6,30.8,653,8027,2021-05-19
13178,12224.8,26.0,652,8027,2021-05-19
13179,12240.0,30.8,652,8027,2021-05-19
13180,12255.2,4.7,652,8027,2021-05-19
13181,12270.4,28.4,653,8027,2021-05-19
13182,12285.7,23.7,654,8027,2021-05-19
13183,12316.1,2.4,654,8027,2021-05-19
13184,12331.3,2.4,654,8027,2021-05-19
13185,12346.5,11.8,655,8027,2021-05-19
13186,12361.7,37.9,659,8027,2021-05-19
13187,12376.9,7.1,660,8027,2021-05-19
13188,12392.1,0.0,660,8027,2021-05-19
13189,12407.3,16.6,661,8027,2021-05-19
13190,12422.6,52.0,664,8027,2021-05-19
13191,12437.8,59.2,669,8027,2021-05-19
13192,12453.0,33.1,673,8027,2021-05-19
13193,12468.2,0.0,673,8027,2021-05-19
13194,12483.4,35.5,677,8027,2021-05-19
13195,12498.6,52.1,681,8027,2021-05-19
13196,12513.8,35.4,684,8027,2021-05-19
13197,12529.1,2.4,685,8027,2021-05-19
13198,12544.3,30.8,685,8027,2021-05-19
13199,12559.5,42.6,684,8027,2021-05-19
13200,12574.7,44.9,684,8027,2021-05-19
13201,12589.9,45.0,685,8027,2021-05-19
13202,12605.1,23.6,686,8027,2021-05-19
13203,12620.5,25.8,687,8027,2021-05-19
13204,12635.7,23.7,687,8027,2021-05-19
13205,13092.1,0.8,688,8027,2021-05-19
13206,13107.4,21.2,689,8027,2021-05-19
13207,13122.6,28.5,690,8027,2021-05-19
13208,13137.8,28.4,691,8027,2021-05-19
13209,13153.0,35.5,693,8027,2021-05-19
13210,13168.3,30.7,694,8027,2021-05-19
13211,13183.5,26.0,695,8027,2021-05-19
13212,13198.7,26.0,693,8027,2021-05-19
13213,13214.0,35.3,691,8027,2021-05-19
13214,13229.2,33.1,689,8027,2021-05-19
13215,13244.4,35.5,688,8027,2021-05-19
13216,13259.6,14.2,687,8027,2021-05-19
13217,13274.8,30.8,687,8027,2021-05-19
13218,13290.1,25.9,686,8027,2021-05-19
13219,13305.3,30.8,685,8027,2021-05-19
13220,13320.5,23.7,685,8027,2021-05-19
13221,13335.7,23.6,684,8027,2021-05-19
13222,13350.9,28.4,684,8027,2021-05-19
13223,13366.2,35.3,682,8027,2021-05-19
13224,13381.4,26.1,683,8027,2021-05-19
13225,13396.7,26.0,684,8027,2021-05-19
13226,13411.8,28.5,684,8027,2021-05-19
13227,13427.1,30.6,684,8027,2021-05-19
13228,13442.5,32.7,684,8027,2021-05-19
13229,13457.6,23.9,684,8027,2021-05-19
13230,13472.8,21.3,685,8027,2021-05-19
13231,13488.0,37.9,685,8027,2021-05-19
13232,13503.3,35.3,685,8027,2021-05-19
13233,13518.5,37.8,684,8027,2021-05-19
13234,13533.7,35.5,683,8027,2021-05-19
13235,13549.0,28.4,682,8027,2021-05-19
13236,13564.4,23.4,682,8027,2021-05-19
13237,13579.6,35.4,682,8027,2021-05-19
13238,13594.7,33.3,681,8027,2021-05-19
13239,13609.9,33.2,681,8027,2021-05-19
13240,13625.3,16.4,681,8027,2021-05-19
13241,13640.5,45.0,681,8027,2021-05-19
13242,13655.7,54.4,681,8027,2021-05-19
13243,13670.9,52.1,680,8027,2021-05-19
13244,13686.1,49.8,680,8027,2021-05-19
13245,13701.5,30.5,679,8027,2021-05-19
13246,13716.6,38.0,679,8027,2021-05-19
13247,13731.8,49.8,681,8027,2021-05-19
13248,13747.0,23.6,681,8027,2021-05-19
13249,13762.3,7.1,681,8027,2021-05-19
13250,15146.5,0.0,681,8027,2021-05-19
13251,15161.7,4.7,681,8027,2021-05-19
13252,15176.9,9.5,680,8027,2021-05-19
13253,15192.1,0.0,680,8027,2021-05-19
13254,15207.4,16.5,680,8027,2021-05-19
13255,15222.6,19.0,680,8027,2021-05-19
13256,15237.8,18.9,681,8027,2021-05-19
13257,15253.0,0.0,681,8027,2021-05-19
13258,15268.2,7.1,681,8027,2021-05-19
13259,15283.5,37.8,680,8027,2021-05-19
13260,15298.7,42.6,679,8027,2021-05-19
13261,15313.9,11.8,679,8027,2021-05-19
13262,15405.3,0.0,679,8027,2021-05-19
13263,15420.5,11.8,679,8027,2021-05-19
13264,15435.7,45.0,680,8027,2021-05-19
13265,15450.9,42.6,680,8027,2021-05-19
13266,15466.1,40.3,681,8027,2021-05-19
13267,15481.4,49.5,681,8027,2021-05-19
13268,15496.6,49.7,681,8027,2021-05-19
13269,15511.8,23.7,681,8027,2021-05-19
13270,15527.1,33.0,680,8027,2021-05-19
13271,15542.3,37.8,682,8027,2021-05-19
13272,15557.5,35.5,683,8027,2021-05-19
13273,15572.8,23.6,682,8027,2021-05-19
13274,15588.0,26.1,683,8027,2021-05-19
13275,15603.2,33.1,684,8027,2021-05-19
13276,15618.4,37.8,685,8027,2021-05-19
13277,15633.7,23.6,685,8027,2021-05-19
13278,15648.9,4.7,685,8027,2021-05-19
13279,15679.3,1.2,685,8027,2021-05-19
13280,15694.5,28.4,685,8027,2021-05-19
13281,15709.8,33.1,684,8027,2021-05-19
13282,15725.0,26.0,684,8027,2021-05-19
13283,15740.2,35.4,684,8027,2021-05-19
13284,15755.4,30.8,684,8027,2021-05-19
13285,15770.7,30.6,684,8027,2021-05-19
13286,15785.9,28.5,683,8027,2021-05-19
13287,15801.1,37.8,682,8027,2021-05-19
13288,15816.3,30.8,684,8027,2021-05-19
13289,15831.5,30.7,684,8027,2021-05-19
13290,15846.7,19.0,685,8027,2021-05-19
13291,15861.9,30.7,686,8027,2021-05-19
13292,15877.2,35.3,686,8027,2021-05-19
13293,15892.5,30.6,687,8027,2021-05-19
13294,15907.6,14.3,687,8027,2021-05-19
13295,15922.8,30.8,688,8027,2021-05-19
13296,15938.0,37.8,690,8027,2021-05-19
13297,15953.3,23.6,691,8027,2021-05-19
13298,15968.6,26.0,693,8027,2021-05-19
13299,15983.7,23.7,695,8027,2021-05-19
13300,15999.0,21.3,694,8027,2021-05-19
13301,16014.2,30.7,693,8027,2021-05-19
13302,16029.4,35.5,692,8027,2021-05-19
13303,16044.7,28.3,690,8027,2021-05-19
13304,16059.8,35.6,689,8027,2021-05-19
13305,16075.0,30.8,687,8027,2021-05-19
13306,16105.5,18.9,687,8027,2021-05-19
13307,16120.7,14.2,687,8027,2021-05-19
13308,16151.2,0.0,687,8027,2021-05-19
13309,16166.4,11.9,686,8027,2021-05-19
13310,16181.6,42.6,684,8027,2021-05-19
13311,16196.8,52.1,684,8027,2021-05-19
13312,16212.0,54.5,685,8027,2021-05-19
13313,16227.2,44.9,684,8027,2021-05-19
13314,16242.4,49.8,681,8027,2021-05-19
13315,16257.6,49.7,675,8027,2021-05-19
13316,16272.8,49.6,670,8027,2021-05-19
13317,16288.1,49.4,665,8027,2021-05-19
13318,16303.4,44.9,662,8027,2021-05-19
13319,16318.6,16.5,662,8027,2021-05-19
13320,16333.8,37.8,657,8027,2021-05-19
13321,16349.1,25.9,654,8027,2021-05-19
13322,16364.3,14.2,654,8027,2021-05-19
13323,16379.5,40.3,653,8027,2021-05-19
13324,16394.8,28.4,652,8027,2021-05-19
13325,16410.0,35.5,652,8027,2021-05-19
13326,16425.2,30.6,653,8027,2021-05-19
13327,16440.5,30.7,654,8027,2021-05-19
13328,16455.7,26.0,654,8027,2021-05-19
13329,16471.0,23.5,654,8027,2021-05-19
13330,16486.2,9.5,654,8027,2021-05-19
13331,16501.4,35.5,656,8027,2021-05-19
13332,16516.7,11.8,657,8027,2021-05-19
13333,16562.4,2.4,657,8027,2021-05-19
13334,16577.6,18.9,659,8027,2021-05-19
13335,16592.8,30.7,660,8027,2021-05-19
13336,16608.0,44.9,659,8027,2021-05-19
13337,16623.2,18.9,658,8027,2021-05-19
13338,16638.5,30.6,656,8027,2021-05-19
13339,16653.8,18.9,654,8027,2021-05-19
13340,16668.9,19.0,654,8027,2021-05-19
13341,16958.1,4.0,654,8027,2021-05-19
13342,16973.3,28.3,656,8027,2021-05-19
13343,16988.6,14.1,657,8027,2021-05-19
13344,17019.0,0.0,657,8027,2021-05-19
13345,17034.2,11.8,658,8027,2021-05-19
13346,17049.4,14.2,659,8027,2021-05-19
13347,17064.7,0.0,659,8027,2021-05-19
13348,17080.0,4.7,659,8027,2021-05-19
13349,17095.1,38.1,659,8027,2021-05-19
13350,17110.5,25.8,658,8027,2021-05-19
13351,17125.6,4.8,658,8027,2021-05-19
13352,17140.8,4.7,658,8027,2021-05-19
13353,17156.1,37.7,657,8027,2021-05-19
13354,17171.4,52.1,656,8027,2021-05-19
13355,17186.6,49.7,656,8027,2021-05-19
13356,17201.9,44.7,657,8027,2021-05-19
13357,17217.0,50.1,658,8027,2021-05-19
13358,17232.2,47.3,659,8027,2021-05-19
13359,17247.4,49.8,660,8027,2021-05-19
13360,17262.6,40.1,660,8027,2021-05-19
13361,17277.9,47.1,659,8027,2021-05-19
13362,17293.1,38.0,659,8027,2021-05-19
13363,17308.4,9.4,659,8027,2021-05-19
13364,17323.7,16.5,659,8027,2021-05-19
13365,17354.1,0.0,659,8027,2021-05-19
13366,17612.9,4.0,659,8027,2021-05-19
13367,17628.0,23.7,659,8027,2021-05-19
13368,17643.3,21.2,659,8027,2021-05-19
13369,17658.5,49.8,660,8027,2021-05-19
13370,17673.8,18.9,660,8027,2021-05-19
13371,17689.0,4.7,660,8027,2021-05-19
13372,17704.2,21.3,661,8027,2021-05-19
13373,17719.4,40.2,661,8027,2021-05-19
13374,17734.6,40.2,662,8027,2021-05-19
13375,17749.8,37.9,663,8027,2021-05-19
13376,17765.0,30.7,665,8027,2021-05-19
13377,17780.3,4.7,665,8027,2021-05-19
13378,17795.5,0.0,665,8027,2021-05-19
13379,17810.7,18.9,665,8027,2021-05-19
13380,17826.0,37.7,667,8027,2021-05-19
13381,17841.2,26.1,667,8027,2021-05-19
13382,17856.4,23.7,667,8027,2021-05-19
13383,17871.6,26.0,668,8027,2021-05-19
13384,17886.8,26.0,668,8027,2021-05-19
13385,17902.0,28.4,669,8027,2021-05-19
13386,17917.3,25.8,669,8027,2021-05-19
13387,17932.5,23.7,670,8027,2021-05-19
13388,17947.8,26.0,670,8027,2021-05-19
13389,17963.0,33.2,671,8027,2021-05-19
13390,17978.2,28.3,671,8027,2021-05-19
13391,17993.5,33.1,671,8027,2021-05-19
13392,18008.7,19.0,671,8027,2021-05-19
13393,18023.9,4.7,671,8027,2021-05-19
13394,18039.1,2.4,671,8027,2021-05-19
13395,18054.4,28.4,671,8027,2021-05-19
13396,18069.6,33.1,672,8027,2021-05-19
13397,18084.8,26.1,672,8027,2021-05-19
13398,18100.0,28.3,673,8027,2021-05-19
13399,18115.2,26.0,674,8027,2021-05-19
13400,18130.4,30.7,674,8027,2021-05-19
13401,18145.7,26.0,675,8027,2021-05-19
13402,18160.9,7.1,675,8027,2021-05-19
13403,18176.1,23.7,675,8027,2021-05-19
13404,18191.4,23.6,674,8027,2021-05-19
13405,18206.5,21.3,674,8027,2021-05-19
13406,18221.8,26.0,676,8027,2021-05-19
13407,18236.9,28.5,676,8027,2021-05-19
13408,18252.2,25.9,676,8027,2021-05-19
13409,18267.4,19.0,676,8027,2021-05-19
13410,18282.6,7.1,676,8027,2021-05-19
13411,18343.5,1.2,675,8027,2021-05-19
13412,18465.2,4.7,675,8027,2021-05-19
13413,18480.7,23.2,675,8027,2021-05-19
13414,18495.7,2.4,675,8027,2021-05-19
13415,18510.9,28.5,675,8027,2021-05-19
13416,18526.1,33.1,674,8027,2021-05-19
13417,18541.4,30.6,674,8027,2021-05-19
13418,18556.6,37.9,675,8027,2021-05-19
13419,18571.8,30.8,676,8027,2021-05-19
13420,18587.1,30.6,675,8027,2021-05-19
13421,18602.3,26.1,675,8027,2021-05-19
13422,18617.5,30.7,676,8027,2021-05-19
13423,18632.7,23.7,676,8027,2021-05-19
13424,18647.9,9.5,676,8027,2021-05-19
13425,18663.2,16.5,677,8027,2021-05-19
13426,18678.4,18.9,677,8027,2021-05-19
13427,18708.8,0.0,677,8027,2021-05-19
13428,18724.2,18.8,677,8027,2021-05-19
13429,18739.3,26.1,677,8027,2021-05-19
13430,18754.6,26.0,678,8027,2021-05-19
13431,18769.8,30.7,678,8027,2021-05-19
13432,18785.0,28.3,678,8027,2021-05-19
13433,18800.3,25.9,678,8027,2021-05-19
13434,18815.5,26.1,678,8027,2021-05-19
13435,18830.7,26.0,678,8027,2021-05-19
13436,18845.9,30.8,679,8027,2021-05-19
13437,18861.2,25.9,679,8027,2021-05-19
13438,18876.4,28.4,680,8027,2021-05-19
13439,18891.6,26.0,680,8027,2021-05-19
13440,18906.9,25.9,680,8027,2021-05-19
13441,18922.0,7.1,680,8027,2021-05-19
13442,18937.4,16.4,680,8027,2021-05-19
13443,18952.6,11.8,680,8027,2021-05-19
13444,18967.8,7.1,680,8027,2021-05-19
13445,18983.0,26.0,680,8027,2021-05-19
13446,18998.3,30.6,680,8027,2021-05-19
13447,19013.5,30.8,680,8027,2021-05-19
13448,19028.7,26.1,680,8027,2021-05-19
13449,19043.9,16.6,680,8027,2021-05-19
13450,19059.1,25.9,680,8027,2021-05-19
13451,19074.3,26.1,681,8027,2021-05-19
13452,19089.5,26.0,681,8027,2021-05-19
13453,19104.8,28.4,681,8027,2021-05-19
13454,19120.0,26.1,682,8027,2021-05-19
13455,19135.2,23.6,682,8027,2021-05-19
13456,19150.4,18.9,682,8027,2021-05-19
13457,19165.6,21.3,682,8027,2021-05-19
13458,19180.9,28.3,682,8027,2021-05-19
13459,19196.0,26.1,682,8027,2021-05-19
13460,19211.2,23.7,681,8027,2021-05-19
13461,19226.5,2.4,681,8027,2021-05-19
13462,19363.4,0.0,681,8027,2021-05-19
13463,19378.7,4.7,681,8027,2021-05-19
13464,19393.9,7.1,681,8027,2021-05-19
13465,19409.1,23.6,681,8027,2021-05-19
13466,19424.3,30.7,682,8027,2021-05-19
13467,19439.6,28.3,682,8027,2021-05-19
13468,19454.9,23.6,682,8027,2021-05-19
13469,19470.1,11.8,682,8027,2021-05-19
13470,19485.3,23.6,683,8027,2021-05-19
13471,19500.5,9.5,683,8027,2021-05-19
13472,19515.8,4.7,683,8027,2021-05-19
13473,19531.0,23.7,683,8027,2021-05-19
13474,19546.2,26.0,684,8027,2021-05-19
13475,19561.5,18.9,684,8027,2021-05-19
13476,19576.7,30.8,683,8027,2021-05-19
13477,19591.9,26.0,683,8027,2021-05-19
13478,19607.1,30.8,682,8027,2021-05-19
13479,19622.4,30.6,681,8027,2021-05-19
13480,19637.6,11.8,681,8027,2021-05-19
13481,19652.9,30.6,681,8027,2021-05-19
13482,19668.0,26.2,681,8027,2021-05-19
13483,19683.3,30.6,681,8027,2021-05-19
13484,19698.5,7.1,681,8027,2021-05-19
13485,19713.7,26.0,681,8027,2021-05-19
13486,19728.9,30.8,680,8027,2021-05-19
13487,19744.2,14.2,680,8027,2021-05-19
13488,19759.5,23.5,680,8027,2021-05-19
13489,19774.8,25.9,680,8027,2021-05-19
13490,19790.0,28.5,680,8027,2021-05-19
13491,19805.1,26.1,680,8027,2021-05-19
13492,19820.4,14.2,680,8027,2021-05-19
13493,19835.6,0.0,680,8027,2021-05-19
13494,19850.8,11.8,680,8027,2021-05-19
13495,19866.0,30.8,680,8027,2021-05-19
13496,19881.4,25.8,680,8027,2021-05-19
13497,19896.6,35.3,680,8027,2021-05-19
13498,19911.7,31.0,679,8027,2021-05-19
13499,19927.0,44.9,679,8027,2021-05-19
13500,19942.3,37.6,678,8027,2021-05-19
13501,19957.5,37.9,678,8027,2021-05-19
13502,19972.7,35.4,678,8027,2021-05-19
13503,19987.9,11.8,678,8027,2021-05-19
13504,20018.4,0.0,678,8027,2021-05-19
13505,20033.5,33.3,677,8027,2021-05-19
13506,20048.7,37.9,677,8027,2021-05-19
13507,20064.0,37.9,676,8027,2021-05-19
13508,20079.3,30.6,676,8027,2021-05-19
13509,20094.5,30.8,676,8027,2021-05-19
13510,20109.7,30.8,675,8027,2021-05-19
13511,20124.9,33.1,675,8027,2021-05-19
13512,20140.2,37.7,675,8027,2021-05-19
13513,20155.4,37.8,674,8027,2021-05-19
13514,20170.6,40.4,674,8027,2021-05-19
13515,20185.8,37.9,675,8027,2021-05-19
13516,20201.0,37.9,675,8027,2021-05-19
13517,20216.3,25.9,675,8027,2021-05-19
13518,20231.5,14.2,675,8027,2021-05-19
13519,20277.2,1.6,675,8027,2021-05-19
13520,20292.3,19.0,676,8027,2021-05-19
13521,20338.0,7.9,676,8027,2021-05-19
13522,20353.3,37.8,676,8027,2021-05-19
13523,20368.5,33.1,675,8027,2021-05-19
13524,20383.7,37.8,674,8027,2021-05-19
13525,20398.9,28.4,675,8027,2021-05-19
13526,20414.1,11.8,675,8027,2021-05-19
13527,20429.3,21.3,675,8027,2021-05-19
13528,20444.6,35.3,674,8027,2021-05-19
13529,20459.8,30.8,673,8027,2021-05-19
13530,20475.0,28.5,672,8027,2021-05-19
13531,20490.3,35.3,672,8027,2021-05-19
13532,20505.5,30.8,671,8027,2021-05-19
13533,20520.7,11.8,671,8027,2021-05-19
13534,20566.3,0.8,671,8027,2021-05-19
13535,20581.6,23.6,671,8027,2021-05-19
13536,20596.8,30.8,671,8027,2021-05-19
13537,20612.0,30.8,671,8027,2021-05-19
13538,20627.2,25.9,670,8027,2021-05-19
13539,20642.4,33.1,670,8027,2021-05-19
13540,20657.6,30.8,669,8027,2021-05-19
13541,20672.8,30.8,669,8027,2021-05-19
13542,20688.1,26.0,668,8027,2021-05-19
13543,20703.4,30.6,668,8027,2021-05-19
13544,20718.6,28.4,667,8027,2021-05-19
13545,20733.8,28.4,667,8027,2021-05-19
13546,20749.0,30.8,666,8027,2021-05-19
13547,20764.2,18.9,665,8027,2021-05-19
13548,20779.4,16.5,665,8027,2021-05-19
13549,20794.6,26.0,664,8027,2021-05-19
13550,20809.9,25.9,663,8027,2021-05-19
13551,20825.3,30.5,662,8027,2021-05-19
13552,20840.4,26.1,661,8027,2021-05-19
13553,20855.8,30.5,661,8027,2021-05-19
13554,20871.0,30.6,660,8027,2021-05-19
13555,20886.3,11.8,660,8027,2021-05-19
13556,20901.6,30.7,660,8027,2021-05-19
13557,20916.8,14.2,659,8027,2021-05-19
13558,20932.0,4.7,659,8027,2021-05-19
13559,20947.3,42.3,659,8027,2021-05-19
13560,20962.5,33.2,659,8027,2021-05-19
13561,20977.7,7.1,659,8027,2021-05-19
13562,20992.9,9.5,658,8027,2021-05-19
13563,21434.0,0.1,658,8027,2021-05-19
13564,21449.3,11.8,658,8027,2021-05-19
13565,21464.6,14.2,658,8027,2021-05-19
13566,21479.8,16.5,659,8027,2021-05-19
13567,21495.1,26.0,659,8027,2021-05-19
13568,21510.3,26.0,660,8027,2021-05-19
13569,21525.5,30.8,661,8027,2021-05-19
13570,21540.7,23.7,662,8027,2021-05-19
13571,21555.9,7.1,662,8027,2021-05-19
13572,21571.1,7.1,662,8027,2021-05-19
13573,21586.3,9.4,662,8027,2021-05-19
13574,21601.5,33.2,663,8027,2021-05-19
13575,21616.8,42.5,664,8027,2021-05-19
13576,21632.0,33.1,665,8027,2021-05-19
13577,21647.2,35.4,666,8027,2021-05-19
13578,21662.5,33.0,667,8027,2021-05-19
13579,21677.7,35.5,668,8027,2021-05-19
13580,21692.9,30.8,668,8027,2021-05-19
13581,21708.2,28.2,669,8027,2021-05-19
13582,21723.4,9.5,670,8027,2021-05-19
13583,21738.6,11.8,670,8027,2021-05-19
13584,21769.0,1.2,670,8027,2021-05-19
13585,21784.2,30.8,671,8027,2021-05-19
13586,21799.5,42.3,672,8027,2021-05-19
13587,21814.7,11.8,672,8027,2021-05-19
13588,21830.0,18.9,673,8027,2021-05-19
13589,21845.3,32.9,676,8027,2021-05-19
13590,21936.5,7.1,678,8027,2021-05-19
13591,21951.7,44.9,680,8027,2021-05-19
13592,21966.9,37.9,683,8027,2021-05-19
13593,21982.2,16.6,684,8027,2021-05-19
13594,21997.4,9.4,685,8027,2021-05-19
13595,22012.6,9.5,686,8027,2021-05-19
13596,22027.8,37.9,688,8027,2021-05-19
13597,22043.0,40.2,689,8027,2021-05-19
13598,22058.3,47.1,691,8027,2021-05-19
13599,22073.6,40.2,692,8027,2021-05-19
13600,22088.8,35.5,692,8027,2021-05-19
13601,22104.0,18.9,692,8027,2021-05-19
13602,22119.3,18.8,692,8027,2021-05-19
13603,22134.6,37.7,693,8027,2021-05-19
13604,22149.7,42.8,692,8027,2021-05-19
13605,22164.9,37.9,690,8027,2021-05-19
13606,22180.2,37.6,689,8027,2021-05-19
13607,22195.4,37.9,687,8027,2021-05-19
13608,22210.6,23.7,687,8027,2021-05-19
13609,22225.9,7.1,687,8027,2021-05-19
13610,22256.4,2.4,687,8027,2021-05-19
13611,22271.5,26.2,686,8027,2021-05-19
13612,22286.7,37.9,686,8027,2021-05-19
13613,22301.9,37.9,685,8027,2021-05-19
13614,22317.2,37.6,685,8027,2021-05-19
13615,22332.4,35.5,686,8027,2021-05-19
13616,22347.6,37.9,686,8027,2021-05-19
13617,22362.9,40.2,685,8027,2021-05-19
13618,22378.1,35.3,684,8027,2021-05-19
13619,22393.4,18.9,684,8027,2021-05-19
13620,22408.6,26.0,683,8027,2021-05-19
13621,22621.5,2.5,683,8027,2021-05-19
13622,22636.7,26.0,684,8027,2021-05-19
13623,22651.9,30.8,685,8027,2021-05-19
13624,22667.2,25.9,685,8027,2021-05-19
13625,22682.4,26.1,686,8027,2021-05-19
13626,22697.7,23.6,686,8027,2021-05-19
13627,22712.8,26.1,686,8027,2021-05-19
13628,22728.1,23.5,687,8027,2021-05-19
13629,22743.4,23.6,687,8027,2021-05-19
13630,22758.6,26.1,688,8027,2021-05-19
13631,22774.8,28.8,688,8027,2021-05-19
13632,22789.0,27.9,688,8027,2021-05-19
13633,22804.3,11.8,689,8027,2021-05-19
13634,22819.5,11.9,689,8027,2021-05-19
13635,22834.7,0.0,689,8027,2021-05-19
13636,22849.9,21.3,687,8027,2021-05-19
13637,22865.1,23.7,686,8027,2021-05-19
13638,22880.4,14.2,685,8027,2021-05-19
13639,22895.6,23.7,685,8027,2021-05-19
13640,22910.8,30.7,682,8027,2021-05-19
13641,22926.0,33.2,680,8027,2021-05-19
13642,22941.3,28.3,679,8027,2021-05-19
13643,22956.5,14.2,678,8027,2021-05-19
13644,22971.7,26.0,676,8027,2021-05-19
13645,22986.9,23.7,675,8027,2021-05-19
13646,23002.3,18.8,673,8027,2021-05-19
13647,23017.5,4.7,673,8027,2021-05-19
13648,23032.7,21.3,672,8027,2021-05-19
13649,23047.9,28.3,672,8027,2021-05-19
13650,23063.1,26.0,672,8027,2021-05-19
13651,23078.4,7.1,671,8027,2021-05-19
13652,23093.6,23.7,671,8027,2021-05-19
13653,23108.8,21.3,671,8027,2021-05-19
13654,23124.1,30.7,668,8027,2021-05-19
13655,23139.3,30.7,666,8027,2021-05-19
13656,23154.5,26.0,665,8027,2021-05-19
13657,23169.7,30.9,665,8027,2021-05-19
13658,23184.9,28.4,665,8027,2021-05-19
13659,23200.1,21.2,665,8027,2021-05-19
13660,23215.3,19.0,664,8027,2021-05-19
13661,23230.6,16.6,664,8027,2021-05-19
13662,23245.8,26.0,663,8027,2021-05-19
13663,23261.0,14.2,664,8027,2021-05-19
13664,23276.4,28.0,666,8027,2021-05-19
13665,23291.5,40.5,667,8027,2021-05-19
13666,23306.7,23.7,668,8027,2021-05-19
13667,23321.9,26.0,668,8027,2021-05-19
13668,23337.2,30.6,668,8027,2021-05-19
13669,23352.4,30.7,667,8027,2021-05-19
13670,23367.6,30.8,665,8027,2021-05-19
13671,23382.9,26.0,665,8027,2021-05-19
13672,23413.4,23.6,665,8027,2021-05-19
13673,23428.5,33.2,663,8027,2021-05-19
13674,23443.7,4.7,662,8027,2021-05-19
13675,23458.9,37.9,663,8027,2021-05-19
13676,23474.2,30.7,663,8027,2021-05-19
13677,23504.6,0.0,663,8027,2021-05-19
13678,23519.8,21.3,660,8027,2021-05-19
13679,23535.1,16.5,660,8027,2021-05-19
13680,23550.4,33.0,657,8027,2021-05-19
13681,23565.6,37.9,655,8027,2021-05-19
13682,23580.8,30.7,655,8027,2021-05-19
13683,23596.0,0.0,655,8027,2021-05-19
13684,23611.2,18.9,655,8027,2021-05-19
13685,23626.6,30.5,654,8027,2021-05-19
13686,23641.8,35.5,653,8027,2021-05-19
13687,23657.0,18.9,652,8027,2021-05-19
13688,23672.3,9.4,652,8027,2021-05-19
13689,23687.4,30.8,652,8027,2021-05-19
13690,23702.7,30.8,653,8027,2021-05-19
13691,23717.9,30.7,654,8027,2021-05-19
13692,23733.1,26.1,654,8027,2021-05-19
13693,23748.3,28.4,653,8027,2021-05-19
13694,23763.5,18.9,654,8027,2021-05-19
13695,23778.7,52.1,658,8027,2021-05-19
13696,23793.9,42.5,660,8027,2021-05-19
13697,23809.1,37.9,659,8027,2021-05-19
13698,23824.4,14.1,658,8027,2021-05-19
13699,23839.6,28.4,656,8027,2021-05-19
13700,23854.8,26.0,654,8027,2021-05-19
13701,23870.1,18.9,654,8027,2021-05-19
13702,23885.4,11.7,654,8027,2021-05-19
13703,23900.7,7.1,654,8027,2021-05-19
13704,23915.9,4.7,654,8027,2021-05-19
13705,25087.2,0.0,654,8027,2021-05-19
13706,25102.4,2.4,654,8027,2021-05-19
13707,25117.7,7.1,654,8027,2021-05-19
13708,25132.9,23.7,654,8027,2021-05-19
13709,25148.2,18.8,654,8027,2021-05-19
13710,25163.4,26.1,657,8027,2021-05-19
13711,25178.6,9.5,657,8027,2021-05-19
13712,25193.8,19.0,658,8027,2021-05-19
13713,25209.0,40.2,658,8027,2021-05-19
13714,25224.3,42.3,655,8027,2021-05-19
13715,25239.6,35.4,653,8027,2021-05-19
13716,25254.9,25.9,654,8027,2021-05-19
13717,25270.0,30.9,654,8027,2021-05-19
13718,25285.3,30.8,653,8027,2021-05-19
13719,25300.5,28.4,652,8027,2021-05-19
13720,25315.7,30.8,652,8027,2021-05-19
13721,25330.9,35.5,652,8027,2021-05-19
13722,25346.1,33.0,653,8027,2021-05-19
13723,25361.4,16.5,654,8027,2021-05-19
13724,25422.3,0.0,654,8027,2021-05-19
13725,25437.4,7.1,654,8027,2021-05-19
13726,25452.7,37.8,655,8027,2021-05-19
13727,25467.9,37.9,656,8027,2021-05-19
13728,25483.1,35.5,659,8027,2021-05-19
13729,25498.4,14.2,660,8027,2021-05-19
13730,25513.5,23.8,660,8027,2021-05-19
13731,25528.8,26.0,662,8027,2021-05-19
13732,25543.9,42.7,662,8027,2021-05-19
13733,25559.3,14.1,662,8027,2021-05-19
13734,25574.5,11.8,663,8027,2021-05-19
13735,25711.4,0.0,663,8027,2021-05-19
13736,25726.6,26.0,665,8027,2021-05-19
13737,25741.8,19.0,666,8027,2021-05-19
13738,25757.0,28.3,665,8027,2021-05-19
13739,25772.3,28.4,665,8027,2021-05-19
13740,25787.5,35.5,667,8027,2021-05-19
13741,25802.7,30.8,668,8027,2021-05-19
13742,25817.9,30.8,668,8027,2021-05-19
13743,25833.1,18.9,668,8027,2021-05-19
13744,25848.4,33.0,666,8027,2021-05-19
13745,25863.6,42.5,665,8027,2021-05-19
13746,25878.9,7.1,664,8027,2021-05-19
13747,25894.1,26.0,663,8027,2021-05-19
13748,25909.4,28.3,664,8027,2021-05-19
13749,25924.6,30.8,665,8027,2021-05-19
13750,25939.8,28.4,665,8027,2021-05-19
13751,25955.1,30.7,665,8027,2021-05-19
13752,25970.3,28.3,665,8027,2021-05-19
13753,25985.6,28.3,667,8027,2021-05-19
13754,26000.8,28.3,669,8027,2021-05-19
13755,26016.0,26.2,671,8027,2021-05-19
13756,26031.3,30.6,672,8027,2021-05-19
13757,26046.5,26.0,672,8027,2021-05-19
13758,26061.7,26.0,672,8027,2021-05-19
13759,26076.9,28.4,673,8027,2021-05-19
13760,26092.2,28.3,674,8027,2021-05-19
13761,26107.4,28.4,676,8027,2021-05-19
13762,26122.7,25.9,678,8027,2021-05-19
13763,26137.9,11.9,679,8027,2021-05-19
13764,26153.0,30.8,680,8027,2021-05-19
13765,26168.3,25.9,682,8027,2021-05-19
13766,26183.5,18.9,683,8027,2021-05-19
13767,26198.7,26.1,685,8027,2021-05-19
13768,26213.9,16.6,685,8027,2021-05-19
13769,26229.2,30.6,686,8027,2021-05-19
13770,26244.5,26.0,688,8027,2021-05-19
13771,26259.7,11.8,689,8027,2021-05-19
13772,26274.8,26.1,688,8027,2021-05-19
13773,26290.1,30.6,688,8027,2021-05-19
13774,26305.3,2.4,688,8027,2021-05-19
13775,26320.6,16.6,688,8027,2021-05-19
13776,26335.8,26.1,687,8027,2021-05-19
13777,26351.0,18.9,687,8027,2021-05-19
13778,26381.4,0.0,687,8027,2021-05-19
13779,26396.6,23.7,686,8027,2021-05-19
13780,26411.8,26.1,686,8027,2021-05-19
13781,26427.1,23.6,686,8027,2021-05-19
13782,26442.3,25.9,685,8027,2021-05-19
13783,26457.5,30.8,685,8027,2021-05-19
13784,26472.7,26.0,684,8027,2021-05-19
13785,26487.9,26.0,683,8027,2021-05-19
13786,26503.2,28.4,683,8027,2021-05-19
13787,26518.4,2.4,683,8027,2021-05-19
13788,26640.1,0.0,683,8027,2021-05-19
13789,26670.5,15.4,684,8027,2021-05-19
13790,26700.9,2.4,684,8027,2021-05-19
13791,26716.2,18.8,684,8027,2021-05-19
13792,26731.4,42.5,685,8027,2021-05-19
13793,26746.6,47.4,686,8027,2021-05-19
13794,26761.8,47.4,685,8027,2021-05-19
13795,26777.1,37.7,685,8027,2021-05-19
13796,26792.3,37.8,685,8027,2021-05-19
13797,26807.5,38.0,686,8027,2021-05-19
13798,26822.7,30.8,687,8027,2021-05-19
13799,26837.9,7.1,687,8027,2021-05-19
13800,26853.3,35.2,687,8027,2021-05-19
13801,26868.5,33.1,688,8027,2021-05-19
13802,26883.7,35.4,690,8027,2021-05-19
13803,26898.9,40.2,691,8027,2021-05-19
13804,26914.2,42.5,692,8027,2021-05-19
13805,26929.4,35.5,692,8027,2021-05-19
13806,26944.5,9.5,692,8027,2021-05-19
13807,26959.8,23.7,692,8027,2021-05-19
13808,26975.0,37.8,691,8027,2021-05-19
13809,26990.3,35.4,691,8027,2021-05-19
13810,27005.5,37.9,690,8027,2021-05-19
13811,27020.7,44.9,689,8027,2021-05-19
13812,27036.0,42.5,687,8027,2021-05-19
13813,27051.2,33.0,684,8027,2021-05-19
13814,27066.4,42.7,681,8027,2021-05-19
13815,27081.6,42.6,679,8027,2021-05-19
13816,27096.8,33.1,677,8027,2021-05-19
13817,27112.0,11.8,676,8027,2021-05-19
13818,27127.3,4.7,676,8027,2021-05-19
13819,27249.0,4.1,675,8027,2021-05-19
13820,27264.3,42.4,672,8027,2021-05-19
13821,27279.6,44.8,671,8027,2021-05-19
13822,27294.9,37.6,670,8027,2021-05-19
13823,27310.2,35.3,669,8027,2021-05-19
13824,27325.4,40.2,668,8027,2021-05-19
13825,27340.6,42.6,667,8027,2021-05-19
13826,27355.9,44.9,665,8027,2021-05-19
13827,27371.1,30.7,665,8027,2021-05-19
13828,27386.3,4.7,665,8027,2021-05-19
13829,27401.5,33.1,664,8027,2021-05-19
13830,27416.7,35.5,663,8027,2021-05-19
13831,27431.9,26.1,662,8027,2021-05-19
13832,27447.2,25.9,661,8027,2021-05-19
13833,27462.4,35.4,660,8027,2021-05-19
13834,27477.6,14.2,659,8027,2021-05-19
13835,27492.9,0.0,659,8027,2021-05-19
13836,27508.1,18.9,659,8027,2021-05-19
13837,27538.6,18.9,658,8027,2021-05-19
13838,27553.8,4.7,658,8027,2021-05-19
13839,27569.1,14.2,658,8027,2021-05-19
13840,27584.3,16.5,659,8027,2021-05-19
13841,27599.5,49.7,659,8027,2021-05-19
13842,27614.7,49.7,660,8027,2021-05-19
13843,27629.9,21.3,660,8027,2021-05-19
13844,27645.2,4.7,660,8027,2021-05-19
13845,27660.4,18.9,661,8027,2021-05-19
13846,27675.6,44.9,661,8027,2021-05-19
13847,27690.9,42.6,660,8027,2021-05-19
13848,27706.1,19.0,661,8027,2021-05-19
13849,27721.3,11.8,661,8027,2021-05-19
13850,27736.5,18.9,661,8027,2021-05-19
13851,27751.7,23.7,661,8027,2021-05-19
13852,27766.9,18.9,661,8027,2021-05-19
13853,27782.1,21.3,661,8027,2021-05-19
13854,27797.4,18.9,660,8027,2021-05-19
13855,27812.6,18.9,660,8027,2021-05-19
13856,27827.8,19.0,660,8027,2021-05-19
13857,-27031.9,11.8,661,8027,2021-05-19
13858,-27002.4,0.0,661,8027,2021-05-19
13859,-26987.1,9.5,661,8027,2021-05-19
13860,-26971.9,35.5,661,8027,2021-05-19
13861,-26956.8,42.7,662,8027,2021-05-19
13862,-26941.5,47.3,663,8027,2021-05-19
13863,-26926.3,61.5,666,8027,2021-05-19
13864,-26911.0,66.0,668,8027,2021-05-19
13865,-26895.8,63.8,667,8027,2021-05-19
13866,-26880.5,68.3,668,8027,2021-05-19
13867,-26865.3,61.7,669,8027,2021-05-19
13868,-26850.1,63.8,671,8027,2021-05-19
13869,-26834.9,68.6,671,8027,2021-05-19
13870,-26819.7,63.9,669,8027,2021-05-19
13871,-26804.4,42.6,670,8027,2021-05-19
13872,-26789.2,18.9,670,8027,2021-05-19
13873,-26773.9,44.8,672,8027,2021-05-19
13874,-26758.8,49.9,672,8027,2021-05-19
13875,-26743.6,49.7,673,8027,2021-05-19
13876,-26728.3,54.2,674,8027,2021-05-19
13877,-26713.1,52.0,675,8027,2021-05-19
13878,-26697.8,54.3,676,8027,2021-05-19
13879,-26682.6,49.7,676,8027,2021-05-19
13880,-26667.5,33.2,676,8027,2021-05-19
13881,-26637.0,2.4,676,8027,2021-05-19
13882,-26621.8,26.0,676,8027,2021-05-19
13883,-26606.6,49.7,676,8027,2021-05-19
13884,-26591.4,54.4,676,8027,2021-05-19
13885,-26576.1,63.8,676,8027,2021-05-19
13886,-26560.8,49.5,676,8027,2021-05-19
13887,-26545.7,14.2,676,8027,2021-05-19
13888,-26530.4,4.7,676,8027,2021-05-19
13889,-26515.2,7.1,676,8027,2021-05-19
13890,-26500.0,45.0,677,8027,2021-05-19
13891,-26484.8,59.1,678,8027,2021-05-19
13892,-26469.6,59.1,680,8027,2021-05-19
13893,-26454.4,18.9,679,8027,2021-05-19
13894,-26439.2,54.4,679,8027,2021-05-19
13895,-26423.9,37.7,681,8027,2021-05-19
13896,-26408.6,11.8,681,8027,2021-05-19
13897,-26393.5,45.1,681,8027,2021-05-19
13898,-26378.3,56.9,681,8027,2021-05-19
13899,-26363.0,68.3,682,8027,2021-05-19
13900,-26347.8,68.6,682,8027,2021-05-19
13901,-26332.6,47.4,683,8027,2021-05-19
13902,-26317.3,14.2,683,8027,2021-05-19
13903,-26302.0,51.8,681,8027,2021-05-19
13904,-26286.8,54.2,681,8027,2021-05-19
13905,-26271.6,49.9,682,8027,2021-05-19
13906,-26256.4,44.9,681,8027,2021-05-19
13907,-26241.2,38.0,681,8027,2021-05-19
13908,-26226.0,23.6,682,8027,2021-05-19
13909,-26119.5,0.7,682,8027,2021-05-19
13910,-26104.2,14.1,682,8027,2021-05-19
13911,-26089.0,0.0,682,8027,2021-05-19
13912,-25617.5,0.6,682,8027,2021-05-19
13913,-25602.2,37.8,683,8027,2021-05-19
13914,-25587.0,11.8,683,8027,2021-05-19
13915,-25571.8,4.7,683,8027,2021-05-19
13916,-25556.6,33.1,683,8027,2021-05-19
13917,-25541.4,35.5,682,8027,2021-05-19
13918,-25526.2,44.9,681,8027,2021-05-19
13919,-25510.9,33.0,681,8027,2021-05-19
13920,-25495.7,37.9,681,8027,2021-05-19
13921,-25480.5,40.2,682,8027,2021-05-19
13922,-25465.3,33.1,682,8027,2021-05-19
13923,-25450.0,37.7,681,8027,2021-05-19
13924,-25434.8,16.6,682,8027,2021-05-19
13925,-25419.6,7.1,682,8027,2021-05-19
13926,-25404.4,33.3,683,8027,2021-05-19
13927,-25389.2,37.9,683,8027,2021-05-19
13928,-25374.0,9.5,682,8027,2021-05-19
13929,-25358.7,21.2,682,8027,2021-05-19
13930,-25343.5,37.9,681,8027,2021-05-19
13931,-25328.3,42.5,682,8027,2021-05-19
13932,-25313.0,14.1,682,8027,2021-05-19
13933,-25297.8,9.5,681,8027,2021-05-19
13934,-25282.5,40.2,681,8027,2021-05-19
13935,-25267.4,47.4,681,8027,2021-05-19
13936,-25252.1,30.8,681,8027,2021-05-19
13937,-25236.8,28.2,682,8027,2021-05-19
13938,-25221.6,42.6,682,8027,2021-05-19
13939,-25206.4,49.8,682,8027,2021-05-19
13940,-24658.3,5.4,681,8027,2021-05-19
13941,-24612.6,0.0,681,8027,2021-05-19
13942,-24597.4,4.7,681,8027,2021-05-19
13943,-24582.2,37.8,681,8027,2021-05-19
13944,-24567.0,61.5,679,8027,2021-05-19
13945,-24551.8,59.2,679,8027,2021-05-19
13946,-24536.5,73.2,678,8027,2021-05-19
13947,-24521.4,68.8,676,8027,2021-05-19
13948,-24506.1,56.8,676,8027,2021-05-19
13949,-24490.8,63.5,676,8027,2021-05-19
13950,-24475.6,59.1,677,8027,2021-05-19
13951,-24460.4,52.1,676,8027,2021-05-19
13952,-24445.1,49.6,676,8027,2021-05-19
13953,-24429.9,49.7,676,8027,2021-05-19
13954,-24414.7,51.9,675,8027,2021-05-19
13955,-24399.5,21.4,675,8027,2021-05-19
13956,-24384.2,52.0,674,8027,2021-05-19
13957,-24368.9,49.2,673,8027,2021-05-19
13958,-24353.7,45.0,672,8027,2021-05-19
13959,-24338.5,11.8,672,8027,2021-05-19
13960,-24323.3,4.7,672,8027,2021-05-19
13961,-24308.0,2.4,672,8027,2021-05-19
13962,-24292.7,47.2,672,8027,2021-05-19
13963,-24277.5,44.8,670,8027,2021-05-19
13964,-24262.3,57.1,670,8027,2021-05-19
13965,-24247.1,49.7,670,8027,2021-05-19
13966,-24231.8,54.2,669,8027,2021-05-19
13967,-24216.6,56.7,669,8027,2021-05-19
13968,-24201.4,56.7,668,8027,2021-05-19
13969,-24186.2,26.1,667,8027,2021-05-19
13970,-24170.9,0.0,667,8027,2021-05-19
13971,-24155.7,26.1,667,8027,2021-05-19
13972,-24140.6,47.5,666,8027,2021-05-19
13973,-24125.3,40.2,666,8027,2021-05-19
13974,-24110.1,49.8,665,8027,2021-05-19
13975,-24094.9,47.2,665,8027,2021-05-19
13976,-24079.7,45.0,665,8027,2021-05-19
13977,-24064.4,23.5,665,8027,2021-05-19
13978,-24049.2,33.2,665,8027,2021-05-19
13979,-24033.9,42.4,666,8027,2021-05-19
13980,-24018.8,40.3,666,8027,2021-05-19
13981,-24003.6,47.3,667,8027,2021-05-19
13982,-23988.4,11.8,667,8027,2021-05-19
13983,-23973.1,0.0,667,8027,2021-05-19
13984,-23957.9,2.4,667,8027,2021-05-19
13985,-23942.7,30.8,668,8027,2021-05-19
13986,-23927.5,37.8,668,8027,2021-05-19
13987,-23912.3,42.6,668,8027,2021-05-19
13988,-23897.1,45.1,668,8027,2021-05-19
13989,-23881.9,18.9,668,8027,2021-05-19
13990,-23866.6,18.9,668,8027,2021-05-19
13991,-23836.2,0.0,668,8027,2021-05-19
13992,-23821.0,16.6,668,8027,2021-05-19
13993,-23805.7,30.7,669,8027,2021-05-19
13994,-23790.4,21.2,669,8027,2021-05-19
13995,-23775.3,4.8,669,8027,2021-05-19
13996,-23760.1,7.1,668,8027,2021-05-19
13997,-23744.8,16.5,668,8027,2021-05-19
13998,-23729.6,2.4,668,8027,2021-05-19
13999,-23714.3,42.4,668,8027,2021-05-19
14000,-23699.1,18.9,667,8027,2021-05-19
14001,-23683.8,4.7,667,8027,2021-05-19
14002,-23668.6,9.5,668,8027,2021-05-19
14003,-23653.4,0.0,668,8027,2021-05-19
14004,-23638.2,9.5,668,8027,2021-05-19
14005,-23623.0,0.0,668,8027,2021-05-19
14006,-23607.8,2.4,668,8027,2021-05-19
14007,-23592.6,23.7,669,8027,2021-05-19
14008,-23577.3,11.8,670,8027,2021-05-19
14009,-23546.9,0.0,670,8027,2021-05-19
14010,-23531.7,14.2,670,8027,2021-05-19
14011,-23501.2,2.4,670,8027,2021-05-19
14012,-23486.0,18.9,671,8027,2021-05-19
14013,-23470.8,7.1,672,8027,2021-05-19
14014,-23455.6,42.6,671,8027,2021-05-19
14015,-23440.4,14.2,670,8027,2021-05-19
14016,-23394.7,0.0,670,8027,2021-05-19
14017,-23379.5,11.8,670,8027,2021-05-19
14018,-23364.3,18.9,669,8027,2021-05-19
14019,-23349.0,23.6,669,8027,2021-05-19
14020,-23333.7,2.4,668,8027,2021-05-19
14021,-23318.6,7.1,668,8027,2021-05-19
14022,-23303.4,4.7,668,8027,2021-05-19
14023,-23288.2,0.0,668,8027,2021-05-19
14024,-23272.9,30.6,669,8027,2021-05-19
14025,-23257.7,11.8,669,8027,2021-05-19
14026,-23242.4,18.9,669,8027,2021-05-19
14027,-23227.2,0.0,669,8027,2021-05-19
14028,-23212.0,33.2,669,8027,2021-05-19
14029,-23196.8,28.4,667,8027,2021-05-19
14030,-22999.0,0.2,667,8027,2021-05-19
14031,-22983.8,4.7,665,8027,2021-05-19
14032,-22968.6,14.2,662,8027,2021-05-19
14033,-22953.4,37.9,654,8027,2021-05-19
